County,FileNumber,Measure Names,ProviderName,Measure Values
ALACHUA,100113,Bed Census,UF HEALTH SHANDS HOSPITAL,854
ALACHUA,100113,Available,UF HEALTH SHANDS HOSPITAL,211
ALACHUA,100113,Available Capacity,UF HEALTH SHANDS HOSPITAL,0.198122066
ALACHUA,100113,Total Staffed Bed Capacity,UF HEALTH SHANDS HOSPITAL,"1,065"
ALACHUA,100204,Bed Census,NORTH FLORIDA REGIONAL MEDICAL CENTER,406
ALACHUA,100204,Available,NORTH FLORIDA REGIONAL MEDICAL CENTER,54
ALACHUA,100204,Available Capacity,NORTH FLORIDA REGIONAL MEDICAL CENTER,0.117391304
ALACHUA,100204,Total Staffed Bed Capacity,NORTH FLORIDA REGIONAL MEDICAL CENTER,460
ALACHUA,110025,Bed Census,UF HEALTH REHAB HOSPITAL,55
ALACHUA,110025,Available,UF HEALTH REHAB HOSPITAL,5
ALACHUA,110025,Available Capacity,UF HEALTH REHAB HOSPITAL,0.083333333
ALACHUA,110025,Total Staffed Bed Capacity,UF HEALTH REHAB HOSPITAL,60
ALACHUA,120011,Bed Census,UF HEALTH SHANDS PSYCHIATRIC HOSPITAL,78
ALACHUA,120011,Available,UF HEALTH SHANDS PSYCHIATRIC HOSPITAL,8
ALACHUA,120011,Available Capacity,UF HEALTH SHANDS PSYCHIATRIC HOSPITAL,0.093023256
ALACHUA,120011,Total Staffed Bed Capacity,UF HEALTH SHANDS PSYCHIATRIC HOSPITAL,86
ALACHUA,23960071,Bed Census,SELECT SPECIALTY HOSPITAL GAINESVILLE,42
ALACHUA,23960071,Available,SELECT SPECIALTY HOSPITAL GAINESVILLE,6
ALACHUA,23960071,Available Capacity,SELECT SPECIALTY HOSPITAL GAINESVILLE,0.125
ALACHUA,23960071,Total Staffed Bed Capacity,SELECT SPECIALTY HOSPITAL GAINESVILLE,48
BAKER,100134,Bed Census,ED FRASER MEMORIAL HOSPITAL,3
BAKER,100134,Available,ED FRASER MEMORIAL HOSPITAL,9
BAKER,100134,Available Capacity,ED FRASER MEMORIAL HOSPITAL,0.75
BAKER,100134,Total Staffed Bed Capacity,ED FRASER MEMORIAL HOSPITAL,12
BAKER,104007,Bed Census,NORTHEAST FLORIDA STATE HOSPITAL,478
BAKER,104007,Available,NORTHEAST FLORIDA STATE HOSPITAL,135
BAKER,104007,Available Capacity,NORTHEAST FLORIDA STATE HOSPITAL,0.220228385
BAKER,104007,Total Staffed Bed Capacity,NORTHEAST FLORIDA STATE HOSPITAL,613
BAY,100026,Bed Census,ASCENSION SACRED HEART BAY,119
BAY,100026,Available,ASCENSION SACRED HEART BAY,29
BAY,100026,Available Capacity,ASCENSION SACRED HEART BAY,0.195945946
BAY,100026,Total Staffed Bed Capacity,ASCENSION SACRED HEART BAY,148
BAY,100242,Bed Census,GULF COAST REGIONAL MEDICAL CENTER,176
BAY,100242,Available,GULF COAST REGIONAL MEDICAL CENTER,60
BAY,100242,Available Capacity,GULF COAST REGIONAL MEDICAL CENTER,0.254237288
BAY,100242,Total Staffed Bed Capacity,GULF COAST REGIONAL MEDICAL CENTER,236
BAY,110034,Bed Census,EMERALD COAST BEHAVIORAL HOSPITAL,63
BAY,110034,Available,EMERALD COAST BEHAVIORAL HOSPITAL,23
BAY,110034,Available Capacity,EMERALD COAST BEHAVIORAL HOSPITAL,0.267441860
BAY,110034,Total Staffed Bed Capacity,EMERALD COAST BEHAVIORAL HOSPITAL,86
BAY,23960013,Bed Census,ENCOMPASS HEALTH REHABILITATION HOSPITAL OF PANAMA CITY,45
BAY,23960013,Available,ENCOMPASS HEALTH REHABILITATION HOSPITAL OF PANAMA CITY,6
BAY,23960013,Available Capacity,ENCOMPASS HEALTH REHABILITATION HOSPITAL OF PANAMA CITY,0.117647059
BAY,23960013,Total Staffed Bed Capacity,ENCOMPASS HEALTH REHABILITATION HOSPITAL OF PANAMA CITY,51
BAY,23960045,Bed Census,SELECT SPECIALTY HOSPITAL - PANAMA CITY,26
BAY,23960045,Available,SELECT SPECIALTY HOSPITAL - PANAMA CITY,4
BAY,23960045,Available Capacity,SELECT SPECIALTY HOSPITAL - PANAMA CITY,0.133333333
BAY,23960045,Total Staffed Bed Capacity,SELECT SPECIALTY HOSPITAL - PANAMA CITY,30
BRADFORD,100103,Bed Census,NORTH FLORIDA REGIONAL MEDICAL CENTER STARKE CAMPUS,5
BRADFORD,100103,Available,NORTH FLORIDA REGIONAL MEDICAL CENTER STARKE CAMPUS,5
BRADFORD,100103,Available Capacity,NORTH FLORIDA REGIONAL MEDICAL CENTER STARKE CAMPUS,0.5
BRADFORD,100103,Total Staffed Bed Capacity,NORTH FLORIDA REGIONAL MEDICAL CENTER STARKE CAMPUS,10
BREVARD,100019,Bed Census,HOLMES REGIONAL MEDICAL CENTER,378
BREVARD,100019,Available,HOLMES REGIONAL MEDICAL CENTER,129
BREVARD,100019,Available Capacity,HOLMES REGIONAL MEDICAL CENTER,0.254437870
BREVARD,100019,Total Staffed Bed Capacity,HOLMES REGIONAL MEDICAL CENTER,507
BREVARD,100028,Bed Census,PARRISH MEDICAL CENTER,112
BREVARD,100028,Available,PARRISH MEDICAL CENTER,62
BREVARD,100028,Available Capacity,PARRISH MEDICAL CENTER,0.356321839
BREVARD,100028,Total Staffed Bed Capacity,PARRISH MEDICAL CENTER,174
BREVARD,100092,Bed Census,ROCKLEDGE REGIONAL MEDICAL CENTER,144
BREVARD,100092,Available,ROCKLEDGE REGIONAL MEDICAL CENTER,57
BREVARD,100092,Available Capacity,ROCKLEDGE REGIONAL MEDICAL CENTER,0.283582090
BREVARD,100092,Total Staffed Bed Capacity,ROCKLEDGE REGIONAL MEDICAL CENTER,201
BREVARD,100177,Bed Census,CAPE CANAVERAL HOSPITAL,86
BREVARD,100177,Available,CAPE CANAVERAL HOSPITAL,54
BREVARD,100177,Available Capacity,CAPE CANAVERAL HOSPITAL,0.385714286
BREVARD,100177,Total Staffed Bed Capacity,CAPE CANAVERAL HOSPITAL,140
BREVARD,104024,Bed Census,"CIRCLES OF CARE, INC",32
BREVARD,104024,Available,"CIRCLES OF CARE, INC",20
BREVARD,104024,Available Capacity,"CIRCLES OF CARE, INC",0.384615385
BREVARD,104024,Total Staffed Bed Capacity,"CIRCLES OF CARE, INC",52
BREVARD,110027,Bed Census,SEA PINES REHABILITATION HOSPITAL AFFILIATE OF ENCOMPASS HEALTH,61
BREVARD,110027,Available,SEA PINES REHABILITATION HOSPITAL AFFILIATE OF ENCOMPASS HEALTH,0
BREVARD,110027,Available Capacity,SEA PINES REHABILITATION HOSPITAL AFFILIATE OF ENCOMPASS HEALTH,0
BREVARD,110027,Total Staffed Bed Capacity,SEA PINES REHABILITATION HOSPITAL AFFILIATE OF ENCOMPASS HEALTH,61
BREVARD,110036,Bed Census,DEVEREUX FLORIDA,100
BREVARD,110036,Available,DEVEREUX FLORIDA,0
BREVARD,110036,Available Capacity,DEVEREUX FLORIDA,0
BREVARD,110036,Total Staffed Bed Capacity,DEVEREUX FLORIDA,100
BREVARD,120007,Bed Census,PALM BAY HOSPITAL,99
BREVARD,120007,Available,PALM BAY HOSPITAL,20
BREVARD,120007,Available Capacity,PALM BAY HOSPITAL,0.168067227
BREVARD,120007,Total Staffed Bed Capacity,PALM BAY HOSPITAL,119
BREVARD,23960034,Bed Census,MELBOURNE REGIONAL MEDICAL CENTER,35
BREVARD,23960034,Available,MELBOURNE REGIONAL MEDICAL CENTER,70
BREVARD,23960034,Available Capacity,MELBOURNE REGIONAL MEDICAL CENTER,0.666666667
BREVARD,23960034,Total Staffed Bed Capacity,MELBOURNE REGIONAL MEDICAL CENTER,105
BREVARD,23960090,Bed Census,KINDRED HOSPITAL MELBOURNE,45
BREVARD,23960090,Available,KINDRED HOSPITAL MELBOURNE,15
BREVARD,23960090,Available Capacity,KINDRED HOSPITAL MELBOURNE,0.25
BREVARD,23960090,Total Staffed Bed Capacity,KINDRED HOSPITAL MELBOURNE,60
BREVARD,23960092,Bed Census,VIERA HOSPITAL,59
BREVARD,23960092,Available,VIERA HOSPITAL,25
BREVARD,23960092,Available Capacity,VIERA HOSPITAL,0.297619048
BREVARD,23960092,Total Staffed Bed Capacity,VIERA HOSPITAL,84
BREVARD,23960153,Bed Census,PALM POINT BEHAVIORAL HEALTH,26
BREVARD,23960153,Available,PALM POINT BEHAVIORAL HEALTH,18
BREVARD,23960153,Available Capacity,PALM POINT BEHAVIORAL HEALTH,0.409090909
BREVARD,23960153,Total Staffed Bed Capacity,PALM POINT BEHAVIORAL HEALTH,44
BROWARD,100038,Bed Census,MEMORIAL REGIONAL HOSPITAL,562
BROWARD,100038,Available,MEMORIAL REGIONAL HOSPITAL,221
BROWARD,100038,Available Capacity,MEMORIAL REGIONAL HOSPITAL,0.282247765
BROWARD,100038,Total Staffed Bed Capacity,MEMORIAL REGIONAL HOSPITAL,783
BROWARD,100039,Bed Census,BROWARD HEALTH MEDICAL CENTER,372
BROWARD,100039,Available,BROWARD HEALTH MEDICAL CENTER,44
BROWARD,100039,Available Capacity,BROWARD HEALTH MEDICAL CENTER,0.105769231
BROWARD,100039,Total Staffed Bed Capacity,BROWARD HEALTH MEDICAL CENTER,416
BROWARD,100042,Bed Census,KINDRED HOSPITAL-SOUTH FLORIDA-HOLLYWOOD,80
BROWARD,100042,Available,KINDRED HOSPITAL-SOUTH FLORIDA-HOLLYWOOD,39
BROWARD,100042,Available Capacity,KINDRED HOSPITAL-SOUTH FLORIDA-HOLLYWOOD,0.327731092
BROWARD,100042,Total Staffed Bed Capacity,KINDRED HOSPITAL-SOUTH FLORIDA-HOLLYWOOD,119
BROWARD,100056,Bed Census,CLEVELAND CLINIC HOSPITAL,208
BROWARD,100056,Available,CLEVELAND CLINIC HOSPITAL,22
BROWARD,100056,Available Capacity,CLEVELAND CLINIC HOSPITAL,0.095652174
BROWARD,100056,Total Staffed Bed Capacity,CLEVELAND CLINIC HOSPITAL,230
BROWARD,100073,Bed Census,HOLY CROSS HOSPITAL,183
BROWARD,100073,Available,HOLY CROSS HOSPITAL,165
BROWARD,100073,Available Capacity,HOLY CROSS HOSPITAL,0.474137931
BROWARD,100073,Total Staffed Bed Capacity,HOLY CROSS HOSPITAL,348
BROWARD,100086,Bed Census,BROWARD HEALTH NORTH,269
BROWARD,100086,Available,BROWARD HEALTH NORTH,0
BROWARD,100086,Available Capacity,BROWARD HEALTH NORTH,0
BROWARD,100086,Total Staffed Bed Capacity,BROWARD HEALTH NORTH,269
BROWARD,100120,Bed Census,KINDRED HOSPITAL-SOUTH FLORIDA-FT LAUDERDALE,51
BROWARD,100120,Available,KINDRED HOSPITAL-SOUTH FLORIDA-FT LAUDERDALE,13
BROWARD,100120,Available Capacity,KINDRED HOSPITAL-SOUTH FLORIDA-FT LAUDERDALE,0.203125
BROWARD,100120,Total Staffed Bed Capacity,KINDRED HOSPITAL-SOUTH FLORIDA-FT LAUDERDALE,64
BROWARD,100167,Bed Census,PLANTATION GENERAL HOSPITAL,125
BROWARD,100167,Available,PLANTATION GENERAL HOSPITAL,115
BROWARD,100167,Available Capacity,PLANTATION GENERAL HOSPITAL,0.479166667
BROWARD,100167,Total Staffed Bed Capacity,PLANTATION GENERAL HOSPITAL,240
BROWARD,100189,Bed Census,NORTHWEST MEDICAL CENTER,215
BROWARD,100189,Available,NORTHWEST MEDICAL CENTER,75
BROWARD,100189,Available Capacity,NORTHWEST MEDICAL CENTER,0.258620690
BROWARD,100189,Total Staffed Bed Capacity,NORTHWEST MEDICAL CENTER,290
BROWARD,100200,Bed Census,BROWARD HEALTH IMPERIAL POINT,116
BROWARD,100200,Available,BROWARD HEALTH IMPERIAL POINT,7
BROWARD,100200,Available Capacity,BROWARD HEALTH IMPERIAL POINT,0.056910569
BROWARD,100200,Total Staffed Bed Capacity,BROWARD HEALTH IMPERIAL POINT,123
BROWARD,100210,Bed Census,FLORIDA MEDICAL CENTER - A CAMPUS OF NORTH SHORE,192
BROWARD,100210,Available,FLORIDA MEDICAL CENTER - A CAMPUS OF NORTH SHORE,12
BROWARD,100210,Available Capacity,FLORIDA MEDICAL CENTER - A CAMPUS OF NORTH SHORE,0.058823529
BROWARD,100210,Total Staffed Bed Capacity,FLORIDA MEDICAL CENTER - A CAMPUS OF NORTH SHORE,204
BROWARD,100224,Bed Census,UNIVERSITY HOSPITAL AND MEDICAL CENTER,144
BROWARD,100224,Available,UNIVERSITY HOSPITAL AND MEDICAL CENTER,173
BROWARD,100224,Available Capacity,UNIVERSITY HOSPITAL AND MEDICAL CENTER,0.545741325
BROWARD,100224,Total Staffed Bed Capacity,UNIVERSITY HOSPITAL AND MEDICAL CENTER,317
BROWARD,100225,Bed Census,MEMORIAL REGIONAL HOSPITAL SOUTH,108
BROWARD,100225,Available,MEMORIAL REGIONAL HOSPITAL SOUTH,23
BROWARD,100225,Available Capacity,MEMORIAL REGIONAL HOSPITAL SOUTH,0.175572519
BROWARD,100225,Total Staffed Bed Capacity,MEMORIAL REGIONAL HOSPITAL SOUTH,131
BROWARD,100228,Bed Census,WESTSIDE REGIONAL MEDICAL CENTER,215
BROWARD,100228,Available,WESTSIDE REGIONAL MEDICAL CENTER,35
BROWARD,100228,Available Capacity,WESTSIDE REGIONAL MEDICAL CENTER,0.14
BROWARD,100228,Total Staffed Bed Capacity,WESTSIDE REGIONAL MEDICAL CENTER,250
BROWARD,100230,Bed Census,MEMORIAL HOSPITAL PEMBROKE,152
BROWARD,100230,Available,MEMORIAL HOSPITAL PEMBROKE,11
BROWARD,100230,Available Capacity,MEMORIAL HOSPITAL PEMBROKE,0.067484663
BROWARD,100230,Total Staffed Bed Capacity,MEMORIAL HOSPITAL PEMBROKE,163
BROWARD,103027,Bed Census,ST ANTHONY'S REHABILITATION HOSPITAL,13
BROWARD,103027,Available,ST ANTHONY'S REHABILITATION HOSPITAL,13
BROWARD,103027,Available Capacity,ST ANTHONY'S REHABILITATION HOSPITAL,0.5
BROWARD,103027,Total Staffed Bed Capacity,ST ANTHONY'S REHABILITATION HOSPITAL,26
BROWARD,103028,Bed Census,ENCOMPASS HEALTH REHABILITATION HOSPITAL OF SUNRISE,95
BROWARD,103028,Available,ENCOMPASS HEALTH REHABILITATION HOSPITAL OF SUNRISE,15
BROWARD,103028,Available Capacity,ENCOMPASS HEALTH REHABILITATION HOSPITAL OF SUNRISE,0.136363636
BROWARD,103028,Total Staffed Bed Capacity,ENCOMPASS HEALTH REHABILITATION HOSPITAL OF SUNRISE,110
BROWARD,104001,Bed Census,SOUTH FLORIDA STATE HOSPITAL,306
BROWARD,104001,Available,SOUTH FLORIDA STATE HOSPITAL,0
BROWARD,104001,Available Capacity,SOUTH FLORIDA STATE HOSPITAL,0
BROWARD,104001,Total Staffed Bed Capacity,SOUTH FLORIDA STATE HOSPITAL,306
BROWARD,104015,Bed Census,LARKIN COMMUNITY HOSPITAL BEHAVIORAL HEALTH SERVICES,42
BROWARD,104015,Available,LARKIN COMMUNITY HOSPITAL BEHAVIORAL HEALTH SERVICES,8
BROWARD,104015,Available Capacity,LARKIN COMMUNITY HOSPITAL BEHAVIORAL HEALTH SERVICES,0.16
BROWARD,104015,Total Staffed Bed Capacity,LARKIN COMMUNITY HOSPITAL BEHAVIORAL HEALTH SERVICES,50
BROWARD,104026,Bed Census,FORT LAUDERDALE BEHAVIORAL HEALTH CENTER,92
BROWARD,104026,Available,FORT LAUDERDALE BEHAVIORAL HEALTH CENTER,0
BROWARD,104026,Available Capacity,FORT LAUDERDALE BEHAVIORAL HEALTH CENTER,0
BROWARD,104026,Total Staffed Bed Capacity,FORT LAUDERDALE BEHAVIORAL HEALTH CENTER,92
BROWARD,110019,Bed Census,BROWARD HEALTH CORAL SPRINGS,161
BROWARD,110019,Available,BROWARD HEALTH CORAL SPRINGS,16
BROWARD,110019,Available Capacity,BROWARD HEALTH CORAL SPRINGS,0.090395480
BROWARD,110019,Total Staffed Bed Capacity,BROWARD HEALTH CORAL SPRINGS,177
BROWARD,111527,Bed Census,MEMORIAL HOSPITAL WEST,411
BROWARD,111527,Available,MEMORIAL HOSPITAL WEST,48
BROWARD,111527,Available Capacity,MEMORIAL HOSPITAL WEST,0.104575163
BROWARD,111527,Total Staffed Bed Capacity,MEMORIAL HOSPITAL WEST,459
BROWARD,23960050,Bed Census,MEMORIAL HOSPITAL MIRAMAR,112
BROWARD,23960050,Available,MEMORIAL HOSPITAL MIRAMAR,66
BROWARD,23960050,Available Capacity,MEMORIAL HOSPITAL MIRAMAR,0.370786517
BROWARD,23960050,Total Staffed Bed Capacity,MEMORIAL HOSPITAL MIRAMAR,178
CALHOUN,100112,Bed Census,CALHOUN-LIBERTY HOSPITAL,4
CALHOUN,100112,Available,CALHOUN-LIBERTY HOSPITAL,6
CALHOUN,100112,Available Capacity,CALHOUN-LIBERTY HOSPITAL,0.6
CALHOUN,100112,Total Staffed Bed Capacity,CALHOUN-LIBERTY HOSPITAL,10
CHARLOTTE,100047,Bed Census,BAYFRONT HEALTH PUNTA GORDA,109
CHARLOTTE,100047,Available,BAYFRONT HEALTH PUNTA GORDA,19
CHARLOTTE,100047,Available Capacity,BAYFRONT HEALTH PUNTA GORDA,0.1484375
CHARLOTTE,100047,Total Staffed Bed Capacity,BAYFRONT HEALTH PUNTA GORDA,128
CHARLOTTE,100077,Bed Census,BAYFRONT HEALTH PORT CHARLOTTE,150
CHARLOTTE,100077,Available,BAYFRONT HEALTH PORT CHARLOTTE,65
CHARLOTTE,100077,Available Capacity,BAYFRONT HEALTH PORT CHARLOTTE,0.302325581
CHARLOTTE,100077,Total Staffed Bed Capacity,BAYFRONT HEALTH PORT CHARLOTTE,215
CHARLOTTE,100236,Bed Census,FAWCETT MEMORIAL HOSPITAL,150
CHARLOTTE,100236,Available,FAWCETT MEMORIAL HOSPITAL,103
CHARLOTTE,100236,Available Capacity,FAWCETT MEMORIAL HOSPITAL,0.407114625
CHARLOTTE,100236,Total Staffed Bed Capacity,FAWCETT MEMORIAL HOSPITAL,253
CITRUS,100023,Bed Census,CITRUS MEMORIAL HOSPITAL,140
CITRUS,100023,Available,CITRUS MEMORIAL HOSPITAL,74
CITRUS,100023,Available Capacity,CITRUS MEMORIAL HOSPITAL,0.345794393
CITRUS,100023,Total Staffed Bed Capacity,CITRUS MEMORIAL HOSPITAL,214
CITRUS,100249,Bed Census,BAYFRONT HEALTH SEVEN RIVERS,78
CITRUS,100249,Available,BAYFRONT HEALTH SEVEN RIVERS,16
CITRUS,100249,Available Capacity,BAYFRONT HEALTH SEVEN RIVERS,0.170212766
CITRUS,100249,Total Staffed Bed Capacity,BAYFRONT HEALTH SEVEN RIVERS,94
CLAY,100016,Bed Census,KINDRED HOSPITAL-NORTH FLORIDA,63
CLAY,100016,Available,KINDRED HOSPITAL-NORTH FLORIDA,10
CLAY,100016,Available Capacity,KINDRED HOSPITAL-NORTH FLORIDA,0.136986301
CLAY,100016,Total Staffed Bed Capacity,KINDRED HOSPITAL-NORTH FLORIDA,73
CLAY,100226,Bed Census,ORANGE PARK MEDICAL CENTER,306
CLAY,100226,Available,ORANGE PARK MEDICAL CENTER,49
CLAY,100226,Available Capacity,ORANGE PARK MEDICAL CENTER,0.138028169
CLAY,100226,Total Staffed Bed Capacity,ORANGE PARK MEDICAL CENTER,355
CLAY,23960117,Bed Census,ASCENSION ST VINCENT'S CLAY COUNTY,91
CLAY,23960117,Available,ASCENSION ST VINCENT'S CLAY COUNTY,37
CLAY,23960117,Available Capacity,ASCENSION ST VINCENT'S CLAY COUNTY,0.2890625
CLAY,23960117,Total Staffed Bed Capacity,ASCENSION ST VINCENT'S CLAY COUNTY,128
COLLIER,100018,Bed Census,NAPLES COMMUNITY HOSPITAL,250
COLLIER,100018,Available,NAPLES COMMUNITY HOSPITAL,24
COLLIER,100018,Available Capacity,NAPLES COMMUNITY HOSPITAL,0.087591241
COLLIER,100018,Total Staffed Bed Capacity,NAPLES COMMUNITY HOSPITAL,274
COLLIER,110043,Bed Census,"WILLOUGH AT NAPLES, THE",50
COLLIER,110043,Available,"WILLOUGH AT NAPLES, THE",37
COLLIER,110043,Available Capacity,"WILLOUGH AT NAPLES, THE",0.425287356
COLLIER,110043,Total Staffed Bed Capacity,"WILLOUGH AT NAPLES, THE",87
COLLIER,120006,Bed Census,NCH HEALTHCARE SYSTEM NORTH NAPLES HOSPITAL CAMPUS,207
COLLIER,120006,Available,NCH HEALTHCARE SYSTEM NORTH NAPLES HOSPITAL CAMPUS,48
COLLIER,120006,Available Capacity,NCH HEALTHCARE SYSTEM NORTH NAPLES HOSPITAL CAMPUS,0.188235294
COLLIER,120006,Total Staffed Bed Capacity,NCH HEALTHCARE SYSTEM NORTH NAPLES HOSPITAL CAMPUS,255
COLLIER,23960025,Bed Census,PHYSICIANS REGIONAL MEDICAL CENTER - PINE RIDGE,109
COLLIER,23960025,Available,PHYSICIANS REGIONAL MEDICAL CENTER - PINE RIDGE,0
COLLIER,23960025,Available Capacity,PHYSICIANS REGIONAL MEDICAL CENTER - PINE RIDGE,0
COLLIER,23960025,Total Staffed Bed Capacity,PHYSICIANS REGIONAL MEDICAL CENTER - PINE RIDGE,109
COLLIER,23960057,Bed Census,PHYSICIANS REGIONAL MEDICAL CENTER - COLLIER,100
COLLIER,23960057,Available,PHYSICIANS REGIONAL MEDICAL CENTER - COLLIER,0
COLLIER,23960057,Available Capacity,PHYSICIANS REGIONAL MEDICAL CENTER - COLLIER,0
COLLIER,23960057,Total Staffed Bed Capacity,PHYSICIANS REGIONAL MEDICAL CENTER - COLLIER,100
COLLIER,23960116,Bed Census,LANDMARK HOSPITAL OF SOUTHWEST FLORIDA,32
COLLIER,23960116,Available,LANDMARK HOSPITAL OF SOUTHWEST FLORIDA,18
COLLIER,23960116,Available Capacity,LANDMARK HOSPITAL OF SOUTHWEST FLORIDA,0.36
COLLIER,23960116,Total Staffed Bed Capacity,LANDMARK HOSPITAL OF SOUTHWEST FLORIDA,50
COLUMBIA,100156,Bed Census,LAKE CITY MEDICAL CENTER,115
COLUMBIA,100156,Available,LAKE CITY MEDICAL CENTER,0
COLUMBIA,100156,Available Capacity,LAKE CITY MEDICAL CENTER,0
COLUMBIA,100156,Total Staffed Bed Capacity,LAKE CITY MEDICAL CENTER,115
DESOTO,100175,Bed Census,DESOTO MEMORIAL HOSPITAL,34
DESOTO,100175,Available,DESOTO MEMORIAL HOSPITAL,28
DESOTO,100175,Available Capacity,DESOTO MEMORIAL HOSPITAL,0.451612903
DESOTO,100175,Total Staffed Bed Capacity,DESOTO MEMORIAL HOSPITAL,62
DUVAL,100001,Bed Census,UF HEALTH JACKSONVILLE,421
DUVAL,100001,Available,UF HEALTH JACKSONVILLE,182
DUVAL,100001,Available Capacity,UF HEALTH JACKSONVILLE,0.301824212
DUVAL,100001,Total Staffed Bed Capacity,UF HEALTH JACKSONVILLE,603
DUVAL,100040,Bed Census,ASCENSION ST VINCENT'S RIVERSIDE,321
DUVAL,100040,Available,ASCENSION ST VINCENT'S RIVERSIDE,178
DUVAL,100040,Available Capacity,ASCENSION ST VINCENT'S RIVERSIDE,0.356713427
DUVAL,100040,Total Staffed Bed Capacity,ASCENSION ST VINCENT'S RIVERSIDE,499
DUVAL,100088,Bed Census,BAPTIST MEDICAL CENTER JACKSONVILLE,409
DUVAL,100088,Available,BAPTIST MEDICAL CENTER JACKSONVILLE,75
DUVAL,100088,Available Capacity,BAPTIST MEDICAL CENTER JACKSONVILLE,0.154958678
DUVAL,100088,Total Staffed Bed Capacity,BAPTIST MEDICAL CENTER JACKSONVILLE,484
DUVAL,100117,Bed Census,BAPTIST MEDICAL CENTER - BEACHES,97
DUVAL,100117,Available,BAPTIST MEDICAL CENTER - BEACHES,53
DUVAL,100117,Available Capacity,BAPTIST MEDICAL CENTER - BEACHES,0.353333333
DUVAL,100117,Total Staffed Bed Capacity,BAPTIST MEDICAL CENTER - BEACHES,150
DUVAL,100151,Bed Census,MAYO CLINIC,257
DUVAL,100151,Available,MAYO CLINIC,47
DUVAL,100151,Available Capacity,MAYO CLINIC,0.154605263
DUVAL,100151,Total Staffed Bed Capacity,MAYO CLINIC,304
DUVAL,100179,Bed Census,MEMORIAL HOSPITAL JACKSONVILLE,344
DUVAL,100179,Available,MEMORIAL HOSPITAL JACKSONVILLE,155
DUVAL,100179,Available Capacity,MEMORIAL HOSPITAL JACKSONVILLE,0.310621242
DUVAL,100179,Total Staffed Bed Capacity,MEMORIAL HOSPITAL JACKSONVILLE,499
DUVAL,100184,Bed Census,BROOKS REHABILITATION HOSPITAL,136
DUVAL,100184,Available,BROOKS REHABILITATION HOSPITAL,10
DUVAL,100184,Available Capacity,BROOKS REHABILITATION HOSPITAL,0.068493151
DUVAL,100184,Total Staffed Bed Capacity,BROOKS REHABILITATION HOSPITAL,146
DUVAL,100196,Bed Census,CURAHEALTH JACKSONVILLE LLC,27
DUVAL,100196,Available,CURAHEALTH JACKSONVILLE LLC,2
DUVAL,100196,Available Capacity,CURAHEALTH JACKSONVILLE LLC,0.068965517
DUVAL,100196,Total Staffed Bed Capacity,CURAHEALTH JACKSONVILLE LLC,29
DUVAL,104016,Bed Census,RIVER POINT BEHAVIORAL HEALTH,59
DUVAL,104016,Available,RIVER POINT BEHAVIORAL HEALTH,25
DUVAL,104016,Available Capacity,RIVER POINT BEHAVIORAL HEALTH,0.297619048
DUVAL,104016,Total Staffed Bed Capacity,RIVER POINT BEHAVIORAL HEALTH,84
DUVAL,23960052,Bed Census,BAPTIST MEDICAL CENTER SOUTH,266
DUVAL,23960052,Available,BAPTIST MEDICAL CENTER SOUTH,84
DUVAL,23960052,Available Capacity,BAPTIST MEDICAL CENTER SOUTH,0.24
DUVAL,23960052,Total Staffed Bed Capacity,BAPTIST MEDICAL CENTER SOUTH,350
DUVAL,23960061,Bed Census,WEKIVA SPRINGS,51
DUVAL,23960061,Available,WEKIVA SPRINGS,59
DUVAL,23960061,Available Capacity,WEKIVA SPRINGS,0.536363636
DUVAL,23960061,Total Staffed Bed Capacity,WEKIVA SPRINGS,110
DUVAL,23960088,Bed Census,ASCENSION ST VINCENT'S SOUTHSIDE,114
DUVAL,23960088,Available,ASCENSION ST VINCENT'S SOUTHSIDE,98
DUVAL,23960088,Available Capacity,ASCENSION ST VINCENT'S SOUTHSIDE,0.462264151
DUVAL,23960088,Total Staffed Bed Capacity,ASCENSION ST VINCENT'S SOUTHSIDE,212
DUVAL,23960123,Bed Census,UF HEALTH NORTH,87
DUVAL,23960123,Available,UF HEALTH NORTH,5
DUVAL,23960123,Available Capacity,UF HEALTH NORTH,0.054347826
DUVAL,23960123,Total Staffed Bed Capacity,UF HEALTH NORTH,92
DUVAL,23960157,Bed Census,WOLFSON CHILDREN'S HOSPITAL,149
DUVAL,23960157,Available,WOLFSON CHILDREN'S HOSPITAL,37
DUVAL,23960157,Available Capacity,WOLFSON CHILDREN'S HOSPITAL,0.198924731
DUVAL,23960157,Total Staffed Bed Capacity,WOLFSON CHILDREN'S HOSPITAL,186
ESCAMBIA,100025,Bed Census,ASCENSION SACRED HEART PENSACOLA,379
ESCAMBIA,100025,Available,ASCENSION SACRED HEART PENSACOLA,163
ESCAMBIA,100025,Available Capacity,ASCENSION SACRED HEART PENSACOLA,0.300738007
ESCAMBIA,100025,Total Staffed Bed Capacity,ASCENSION SACRED HEART PENSACOLA,542
ESCAMBIA,100093,Bed Census,BAPTIST HOSPITAL,327
ESCAMBIA,100093,Available,BAPTIST HOSPITAL,106
ESCAMBIA,100093,Available Capacity,BAPTIST HOSPITAL,0.244803695
ESCAMBIA,100093,Total Staffed Bed Capacity,BAPTIST HOSPITAL,433
ESCAMBIA,100231,Bed Census,WEST FLORIDA HOSPITAL,273
ESCAMBIA,100231,Available,WEST FLORIDA HOSPITAL,140
ESCAMBIA,100231,Available Capacity,WEST FLORIDA HOSPITAL,0.338983051
ESCAMBIA,100231,Total Staffed Bed Capacity,WEST FLORIDA HOSPITAL,413
ESCAMBIA,23960076,Bed Census,SELECT SPECIALTY HOSPITAL PENSACOLA,67
ESCAMBIA,23960076,Available,SELECT SPECIALTY HOSPITAL PENSACOLA,8
ESCAMBIA,23960076,Available Capacity,SELECT SPECIALTY HOSPITAL PENSACOLA,0.106666667
ESCAMBIA,23960076,Total Staffed Bed Capacity,SELECT SPECIALTY HOSPITAL PENSACOLA,75
FLAGLER,100118,Bed Census,ADVENTHEALTH PALM COAST,87
FLAGLER,100118,Available,ADVENTHEALTH PALM COAST,12
FLAGLER,100118,Available Capacity,ADVENTHEALTH PALM COAST,0.121212121
FLAGLER,100118,Total Staffed Bed Capacity,ADVENTHEALTH PALM COAST,99
FRANKLIN,100153,Bed Census,GEORGE E WEEMS MEMORIAL HOSPITAL,1
FRANKLIN,100153,Available,GEORGE E WEEMS MEMORIAL HOSPITAL,14
FRANKLIN,100153,Available Capacity,GEORGE E WEEMS MEMORIAL HOSPITAL,0.933333333
FRANKLIN,100153,Total Staffed Bed Capacity,GEORGE E WEEMS MEMORIAL HOSPITAL,15
GADSDEN,100159,Bed Census,"CAPITAL REGIONAL MEDICAL CENTER, GADSDEN MEMORIAL CAMPUS",0
GADSDEN,100159,Available,"CAPITAL REGIONAL MEDICAL CENTER, GADSDEN MEMORIAL CAMPUS",4
GADSDEN,100159,Available Capacity,"CAPITAL REGIONAL MEDICAL CENTER, GADSDEN MEMORIAL CAMPUS",1
GADSDEN,100159,Total Staffed Bed Capacity,"CAPITAL REGIONAL MEDICAL CENTER, GADSDEN MEMORIAL CAMPUS",4
GADSDEN,104000,Bed Census,FLORIDA STATE HOSPITAL,650
GADSDEN,104000,Available,FLORIDA STATE HOSPITAL,299
GADSDEN,104000,Available Capacity,FLORIDA STATE HOSPITAL,0.315068493
GADSDEN,104000,Total Staffed Bed Capacity,FLORIDA STATE HOSPITAL,949
GULF,23960084,Bed Census,ASCENSION SACRED HEART GULF,8
GULF,23960084,Available,ASCENSION SACRED HEART GULF,13
GULF,23960084,Available Capacity,ASCENSION SACRED HEART GULF,0.619047619
GULF,23960084,Total Staffed Bed Capacity,ASCENSION SACRED HEART GULF,21
HARDEE,100282,Bed Census,ADVENTHEALTH WAUCHULA,25
HARDEE,100282,Available,ADVENTHEALTH WAUCHULA,0
HARDEE,100282,Available Capacity,ADVENTHEALTH WAUCHULA,0
HARDEE,100282,Total Staffed Bed Capacity,ADVENTHEALTH WAUCHULA,25
HENDRY,100098,Bed Census,HENDRY REGIONAL MEDICAL CENTER,13
HENDRY,100098,Available,HENDRY REGIONAL MEDICAL CENTER,16
HENDRY,100098,Available Capacity,HENDRY REGIONAL MEDICAL CENTER,0.551724138
HENDRY,100098,Total Staffed Bed Capacity,HENDRY REGIONAL MEDICAL CENTER,29
HERNANDO,100071,Bed Census,BAYFRONT HEALTH BROOKSVILLE,70
HERNANDO,100071,Available,BAYFRONT HEALTH BROOKSVILLE,44
HERNANDO,100071,Available Capacity,BAYFRONT HEALTH BROOKSVILLE,0.385964912
HERNANDO,100071,Total Staffed Bed Capacity,BAYFRONT HEALTH BROOKSVILLE,114
HERNANDO,100264,Bed Census,OAK HILL HOSPITAL,322
HERNANDO,100264,Available,OAK HILL HOSPITAL,28
HERNANDO,100264,Available Capacity,OAK HILL HOSPITAL,0.08
HERNANDO,100264,Total Staffed Bed Capacity,OAK HILL HOSPITAL,350
HERNANDO,110054,Bed Census,SPRINGBROOK HOSPITAL,71
HERNANDO,110054,Available,SPRINGBROOK HOSPITAL,0
HERNANDO,110054,Available Capacity,SPRINGBROOK HOSPITAL,0
HERNANDO,110054,Total Staffed Bed Capacity,SPRINGBROOK HOSPITAL,71
HERNANDO,111525,Bed Census,BAYFRONT HEALTH SPRING HILL,76
HERNANDO,111525,Available,BAYFRONT HEALTH SPRING HILL,48
HERNANDO,111525,Available Capacity,BAYFRONT HEALTH SPRING HILL,0.387096774
HERNANDO,111525,Total Staffed Bed Capacity,BAYFRONT HEALTH SPRING HILL,124
HERNANDO,23960042,Bed Census,ENCOMPASS HEALTH REHABILITATION HOSPITAL OF SPRING HILL,59
HERNANDO,23960042,Available,ENCOMPASS HEALTH REHABILITATION HOSPITAL OF SPRING HILL,21
HERNANDO,23960042,Available Capacity,ENCOMPASS HEALTH REHABILITATION HOSPITAL OF SPRING HILL,0.2625
HERNANDO,23960042,Total Staffed Bed Capacity,ENCOMPASS HEALTH REHABILITATION HOSPITAL OF SPRING HILL,80
HIGHLANDS,100049,Bed Census,HIGHLANDS REGIONAL MEDICAL CENTER,54
HIGHLANDS,100049,Available,HIGHLANDS REGIONAL MEDICAL CENTER,11
HIGHLANDS,100049,Available Capacity,HIGHLANDS REGIONAL MEDICAL CENTER,0.169230769
HIGHLANDS,100049,Total Staffed Bed Capacity,HIGHLANDS REGIONAL MEDICAL CENTER,65
HIGHLANDS,100109,Bed Census,ADVENTHEALTH SEBRING,156
HIGHLANDS,100109,Available,ADVENTHEALTH SEBRING,15
HIGHLANDS,100109,Available Capacity,ADVENTHEALTH SEBRING,0.087719298
HIGHLANDS,100109,Total Staffed Bed Capacity,ADVENTHEALTH SEBRING,171
HIGHLANDS,120013,Bed Census,ADVENTHEALTH LAKE PLACID,19
HIGHLANDS,120013,Available,ADVENTHEALTH LAKE PLACID,6
HIGHLANDS,120013,Available Capacity,ADVENTHEALTH LAKE PLACID,0.24
HIGHLANDS,120013,Total Staffed Bed Capacity,ADVENTHEALTH LAKE PLACID,25
HILLSBOROUGH,100069,Bed Census,ADVENTHEALTH CARROLLWOOD,113
HILLSBOROUGH,100069,Available,ADVENTHEALTH CARROLLWOOD,10
HILLSBOROUGH,100069,Available Capacity,ADVENTHEALTH CARROLLWOOD,0.081300813
HILLSBOROUGH,100069,Total Staffed Bed Capacity,ADVENTHEALTH CARROLLWOOD,123
HILLSBOROUGH,100075,Bed Census,ST JOSEPHS HOSPITAL,584
HILLSBOROUGH,100075,Available,ST JOSEPHS HOSPITAL,147
HILLSBOROUGH,100075,Available Capacity,ST JOSEPHS HOSPITAL,0.201094391
HILLSBOROUGH,100075,Total Staffed Bed Capacity,ST JOSEPHS HOSPITAL,731
HILLSBOROUGH,100115,Bed Census,KINDRED HOSPITAL-BAY AREA-TAMPA,51
HILLSBOROUGH,100115,Available,KINDRED HOSPITAL-BAY AREA-TAMPA,13
HILLSBOROUGH,100115,Available Capacity,KINDRED HOSPITAL-BAY AREA-TAMPA,0.203125
HILLSBOROUGH,100115,Total Staffed Bed Capacity,KINDRED HOSPITAL-BAY AREA-TAMPA,64
HILLSBOROUGH,100128,Bed Census,TAMPA GENERAL HOSPITAL,892
HILLSBOROUGH,100128,Available,TAMPA GENERAL HOSPITAL,177
HILLSBOROUGH,100128,Available Capacity,TAMPA GENERAL HOSPITAL,0.165575304
HILLSBOROUGH,100128,Total Staffed Bed Capacity,TAMPA GENERAL HOSPITAL,"1,069"
HILLSBOROUGH,100132,Bed Census,SOUTH FLORIDA BAPTIST HOSPITAL,104
HILLSBOROUGH,100132,Available,SOUTH FLORIDA BAPTIST HOSPITAL,9
HILLSBOROUGH,100132,Available Capacity,SOUTH FLORIDA BAPTIST HOSPITAL,0.079646018
HILLSBOROUGH,100132,Total Staffed Bed Capacity,SOUTH FLORIDA BAPTIST HOSPITAL,113
HILLSBOROUGH,100143,Bed Census,KINDRED HOSPITAL-CENTRAL TAMPA,76
HILLSBOROUGH,100143,Available,KINDRED HOSPITAL-CENTRAL TAMPA,14
HILLSBOROUGH,100143,Available Capacity,KINDRED HOSPITAL-CENTRAL TAMPA,0.155555556
HILLSBOROUGH,100143,Total Staffed Bed Capacity,KINDRED HOSPITAL-CENTRAL TAMPA,90
HILLSBOROUGH,100173,Bed Census,ADVENTHEALTH TAMPA,459
HILLSBOROUGH,100173,Available,ADVENTHEALTH TAMPA,77
HILLSBOROUGH,100173,Available Capacity,ADVENTHEALTH TAMPA,0.143656716
HILLSBOROUGH,100173,Total Staffed Bed Capacity,ADVENTHEALTH TAMPA,536
HILLSBOROUGH,100206,Bed Census,MEMORIAL HOSPITAL OF TAMPA,92
HILLSBOROUGH,100206,Available,MEMORIAL HOSPITAL OF TAMPA,5
HILLSBOROUGH,100206,Available Capacity,MEMORIAL HOSPITAL OF TAMPA,0.051546392
HILLSBOROUGH,100206,Total Staffed Bed Capacity,MEMORIAL HOSPITAL OF TAMPA,97
HILLSBOROUGH,100243,Bed Census,BRANDON REGIONAL HOSPITAL,370
HILLSBOROUGH,100243,Available,BRANDON REGIONAL HOSPITAL,132
HILLSBOROUGH,100243,Available Capacity,BRANDON REGIONAL HOSPITAL,0.262948207
HILLSBOROUGH,100243,Total Staffed Bed Capacity,BRANDON REGIONAL HOSPITAL,502
HILLSBOROUGH,100255,Bed Census,TAMPA COMMUNITY HOSPITAL- A CAMPUS OF MEMORIAL HOSPITAL OF TAMPA,29
HILLSBOROUGH,100255,Available,TAMPA COMMUNITY HOSPITAL- A CAMPUS OF MEMORIAL HOSPITAL OF TAMPA,3
HILLSBOROUGH,100255,Available Capacity,TAMPA COMMUNITY HOSPITAL- A CAMPUS OF MEMORIAL HOSPITAL OF TAMPA,0.09375
HILLSBOROUGH,100255,Total Staffed Bed Capacity,TAMPA COMMUNITY HOSPITAL- A CAMPUS OF MEMORIAL HOSPITAL OF TAMPA,32
HILLSBOROUGH,100259,Bed Census,SOUTH BAY HOSPITAL,81
HILLSBOROUGH,100259,Available,SOUTH BAY HOSPITAL,59
HILLSBOROUGH,100259,Available Capacity,SOUTH BAY HOSPITAL,0.421428571
HILLSBOROUGH,100259,Total Staffed Bed Capacity,SOUTH BAY HOSPITAL,140
HILLSBOROUGH,110009,Bed Census,H LEE MOFFITT CANCER CENTER & RESEARCH INSTITUTE HOSPITAL,218
HILLSBOROUGH,110009,Available,H LEE MOFFITT CANCER CENTER & RESEARCH INSTITUTE HOSPITAL,47
HILLSBOROUGH,110009,Available Capacity,H LEE MOFFITT CANCER CENTER & RESEARCH INSTITUTE HOSPITAL,0.177358491
HILLSBOROUGH,110009,Total Staffed Bed Capacity,H LEE MOFFITT CANCER CENTER & RESEARCH INSTITUTE HOSPITAL,265
HILLSBOROUGH,23960100,Bed Census,ST JOSEPHS HOSPITAL NORTH,120
HILLSBOROUGH,23960100,Available,ST JOSEPHS HOSPITAL NORTH,13
HILLSBOROUGH,23960100,Available Capacity,ST JOSEPHS HOSPITAL NORTH,0.097744361
HILLSBOROUGH,23960100,Total Staffed Bed Capacity,ST JOSEPHS HOSPITAL NORTH,133
HILLSBOROUGH,23960105,Bed Census,ST JOSEPHS HOSPITAL SOUTH,159
HILLSBOROUGH,23960105,Available,ST JOSEPHS HOSPITAL SOUTH,23
HILLSBOROUGH,23960105,Available Capacity,ST JOSEPHS HOSPITAL SOUTH,0.126373626
HILLSBOROUGH,23960105,Total Staffed Bed Capacity,ST JOSEPHS HOSPITAL SOUTH,182
HILLSBOROUGH,23960113,Bed Census,ST JOSEPHS HOSPITAL BEHAVIORAL HEALTH CENTER,51
HILLSBOROUGH,23960113,Available,ST JOSEPHS HOSPITAL BEHAVIORAL HEALTH CENTER,9
HILLSBOROUGH,23960113,Available Capacity,ST JOSEPHS HOSPITAL BEHAVIORAL HEALTH CENTER,0.15
HILLSBOROUGH,23960113,Total Staffed Bed Capacity,ST JOSEPHS HOSPITAL BEHAVIORAL HEALTH CENTER,60
HOLMES,100078,Bed Census,DOCTORS MEMORIAL HOSPITAL,10
HOLMES,100078,Available,DOCTORS MEMORIAL HOSPITAL,10
HOLMES,100078,Available Capacity,DOCTORS MEMORIAL HOSPITAL,0.5
HOLMES,100078,Total Staffed Bed Capacity,DOCTORS MEMORIAL HOSPITAL,20
INDIAN RIVER,100105,Bed Census,CLEVELAND CLINIC INDIAN RIVER HOSPITAL,224
INDIAN RIVER,100105,Available,CLEVELAND CLINIC INDIAN RIVER HOSPITAL,85
INDIAN RIVER,100105,Available Capacity,CLEVELAND CLINIC INDIAN RIVER HOSPITAL,0.275080906
INDIAN RIVER,100105,Total Staffed Bed Capacity,CLEVELAND CLINIC INDIAN RIVER HOSPITAL,309
INDIAN RIVER,100217,Bed Census,STEWARD SEBASTIAN RIVER MEDICAL CENTER,69
INDIAN RIVER,100217,Available,STEWARD SEBASTIAN RIVER MEDICAL CENTER,17
INDIAN RIVER,100217,Available Capacity,STEWARD SEBASTIAN RIVER MEDICAL CENTER,0.197674419
INDIAN RIVER,100217,Total Staffed Bed Capacity,STEWARD SEBASTIAN RIVER MEDICAL CENTER,86
INDIAN RIVER,110017,Bed Census,ENCOMPASS HEALTH REHABILITATION HOSPITAL OF TREASURE COAST,49
INDIAN RIVER,110017,Available,ENCOMPASS HEALTH REHABILITATION HOSPITAL OF TREASURE COAST,16
INDIAN RIVER,110017,Available Capacity,ENCOMPASS HEALTH REHABILITATION HOSPITAL OF TREASURE COAST,0.246153846
INDIAN RIVER,110017,Total Staffed Bed Capacity,ENCOMPASS HEALTH REHABILITATION HOSPITAL OF TREASURE COAST,65
JACKSON,100138,Bed Census,CAMPBELLTON-GRACEVILLE HOSPITAL,0
JACKSON,100138,Available,CAMPBELLTON-GRACEVILLE HOSPITAL,0
JACKSON,100138,Available Capacity,CAMPBELLTON-GRACEVILLE HOSPITAL,
JACKSON,100138,Total Staffed Bed Capacity,CAMPBELLTON-GRACEVILLE HOSPITAL,0
JACKSON,100142,Bed Census,JACKSON HOSPITAL,46
JACKSON,100142,Available,JACKSON HOSPITAL,46
JACKSON,100142,Available Capacity,JACKSON HOSPITAL,0.5
JACKSON,100142,Total Staffed Bed Capacity,JACKSON HOSPITAL,92
LAKE,100051,Bed Census,ORLANDO HEALTH SOUTH LAKE HOSPITAL,203
LAKE,100051,Available,ORLANDO HEALTH SOUTH LAKE HOSPITAL,23
LAKE,100051,Available Capacity,ORLANDO HEALTH SOUTH LAKE HOSPITAL,0.101769912
LAKE,100051,Total Staffed Bed Capacity,ORLANDO HEALTH SOUTH LAKE HOSPITAL,226
LAKE,100057,Bed Census,ADVENTHEALTH WATERMAN,220
LAKE,100057,Available,ADVENTHEALTH WATERMAN,80
LAKE,100057,Available Capacity,ADVENTHEALTH WATERMAN,0.266666667
LAKE,100057,Total Staffed Bed Capacity,ADVENTHEALTH WATERMAN,300
LAKE,100084,Bed Census,UF HEALTH LEESBURG HOSPITAL INC,267
LAKE,100084,Available,UF HEALTH LEESBURG HOSPITAL INC,63
LAKE,100084,Available Capacity,UF HEALTH LEESBURG HOSPITAL INC,0.190909091
LAKE,100084,Total Staffed Bed Capacity,UF HEALTH LEESBURG HOSPITAL INC,330
LAKE,100214,Bed Census,UF HEALTH LEESBURG SENIOR BEHAVIORAL HEALTH CENTER,9
LAKE,100214,Available,UF HEALTH LEESBURG SENIOR BEHAVIORAL HEALTH CENTER,12
LAKE,100214,Available Capacity,UF HEALTH LEESBURG SENIOR BEHAVIORAL HEALTH CENTER,0.571428571
LAKE,100214,Total Staffed Bed Capacity,UF HEALTH LEESBURG SENIOR BEHAVIORAL HEALTH CENTER,21
LAKE,104018,Bed Census,LIFESTREAM BEHAVIORAL CENTER,29
LAKE,104018,Available,LIFESTREAM BEHAVIORAL CENTER,17
LAKE,104018,Available Capacity,LIFESTREAM BEHAVIORAL CENTER,0.369565217
LAKE,104018,Total Staffed Bed Capacity,LIFESTREAM BEHAVIORAL CENTER,46
LEE,100012,Bed Census,LEE MEMORIAL HOSPITAL,280
LEE,100012,Available,LEE MEMORIAL HOSPITAL,49
LEE,100012,Available Capacity,LEE MEMORIAL HOSPITAL,0.148936170
LEE,100012,Total Staffed Bed Capacity,LEE MEMORIAL HOSPITAL,329
LEE,100107,Bed Census,LEHIGH REGIONAL MEDICAL CENTER,32
LEE,100107,Available,LEHIGH REGIONAL MEDICAL CENTER,12
LEE,100107,Available Capacity,LEHIGH REGIONAL MEDICAL CENTER,0.272727273
LEE,100107,Total Staffed Bed Capacity,LEHIGH REGIONAL MEDICAL CENTER,44
LEE,100220,Bed Census,GULF COAST MEDICAL CENTER LEE MEMORIAL HEALTH SYSTEM,435
LEE,100220,Available,GULF COAST MEDICAL CENTER LEE MEMORIAL HEALTH SYSTEM,132
LEE,100220,Available Capacity,GULF COAST MEDICAL CENTER LEE MEMORIAL HEALTH SYSTEM,0.232804233
LEE,100220,Total Staffed Bed Capacity,GULF COAST MEDICAL CENTER LEE MEMORIAL HEALTH SYSTEM,567
LEE,100244,Bed Census,CAPE CORAL HOSPITAL,271
LEE,100244,Available,CAPE CORAL HOSPITAL,17
LEE,100244,Available Capacity,CAPE CORAL HOSPITAL,0.059027778
LEE,100244,Total Staffed Bed Capacity,CAPE CORAL HOSPITAL,288
LEE,120005,Bed Census,HEALTHPARK MEDICAL CENTER,342
LEE,120005,Available,HEALTHPARK MEDICAL CENTER,99
LEE,120005,Available Capacity,HEALTHPARK MEDICAL CENTER,0.224489796
LEE,120005,Total Staffed Bed Capacity,HEALTHPARK MEDICAL CENTER,441
LEE,23960103,Bed Census,PARK ROYAL HOSPITAL,101
LEE,23960103,Available,PARK ROYAL HOSPITAL,13
LEE,23960103,Available Capacity,PARK ROYAL HOSPITAL,0.114035088
LEE,23960103,Total Staffed Bed Capacity,PARK ROYAL HOSPITAL,114
LEE,23960107,Bed Census,SELECT SPECIALTY HOSPITAL-FORT MYERS,47
LEE,23960107,Available,SELECT SPECIALTY HOSPITAL-FORT MYERS,13
LEE,23960107,Available Capacity,SELECT SPECIALTY HOSPITAL-FORT MYERS,0.216666667
LEE,23960107,Total Staffed Bed Capacity,SELECT SPECIALTY HOSPITAL-FORT MYERS,60
LEON,100135,Bed Census,TALLAHASSEE MEMORIAL HOSPITAL,432
LEON,100135,Available,TALLAHASSEE MEMORIAL HOSPITAL,27
LEON,100135,Available Capacity,TALLAHASSEE MEMORIAL HOSPITAL,0.058823529
LEON,100135,Total Staffed Bed Capacity,TALLAHASSEE MEMORIAL HOSPITAL,459
LEON,100254,Bed Census,CAPITAL REGIONAL MEDICAL CENTER,224
LEON,100254,Available,CAPITAL REGIONAL MEDICAL CENTER,38
LEON,100254,Available Capacity,CAPITAL REGIONAL MEDICAL CENTER,0.145038168
LEON,100254,Total Staffed Bed Capacity,CAPITAL REGIONAL MEDICAL CENTER,262
LEON,110021,Bed Census,ENCOMPASS HEALTH REHABILITATION HOSPITAL OF TALLAHASSEE,31
LEON,110021,Available,ENCOMPASS HEALTH REHABILITATION HOSPITAL OF TALLAHASSEE,24
LEON,110021,Available Capacity,ENCOMPASS HEALTH REHABILITATION HOSPITAL OF TALLAHASSEE,0.436363636
LEON,110021,Total Staffed Bed Capacity,ENCOMPASS HEALTH REHABILITATION HOSPITAL OF TALLAHASSEE,55
LEON,110044,Bed Census,EASTSIDE PSYCHIATRIC HOSPITAL,19
LEON,110044,Available,EASTSIDE PSYCHIATRIC HOSPITAL,13
LEON,110044,Available Capacity,EASTSIDE PSYCHIATRIC HOSPITAL,0.40625
LEON,110044,Total Staffed Bed Capacity,EASTSIDE PSYCHIATRIC HOSPITAL,32
LEON,23960059,Bed Census,SELECT SPECIALTY HOSPITAL - TALLAHASSEE,39
LEON,23960059,Available,SELECT SPECIALTY HOSPITAL - TALLAHASSEE,9
LEON,23960059,Available Capacity,SELECT SPECIALTY HOSPITAL - TALLAHASSEE,0.1875
LEON,23960059,Total Staffed Bed Capacity,SELECT SPECIALTY HOSPITAL - TALLAHASSEE,48
MADISON,100004,Bed Census,MADISON COUNTY MEMORIAL HOSPITAL,9
MADISON,100004,Available,MADISON COUNTY MEMORIAL HOSPITAL,6
MADISON,100004,Available Capacity,MADISON COUNTY MEMORIAL HOSPITAL,0.4
MADISON,100004,Total Staffed Bed Capacity,MADISON COUNTY MEMORIAL HOSPITAL,15
MANATEE,100035,Bed Census,MANATEE MEMORIAL HOSPITAL,235
MANATEE,100035,Available,MANATEE MEMORIAL HOSPITAL,40
MANATEE,100035,Available Capacity,MANATEE MEMORIAL HOSPITAL,0.145454545
MANATEE,100035,Total Staffed Bed Capacity,MANATEE MEMORIAL HOSPITAL,275
MANATEE,100213,Bed Census,BLAKE MEDICAL CENTER,268
MANATEE,100213,Available,BLAKE MEDICAL CENTER,12
MANATEE,100213,Available Capacity,BLAKE MEDICAL CENTER,0.042857143
MANATEE,100213,Total Staffed Bed Capacity,BLAKE MEDICAL CENTER,280
MANATEE,110028,Bed Census,CENTERSTONE OF FLORIDA,34
MANATEE,110028,Available,CENTERSTONE OF FLORIDA,3
MANATEE,110028,Available Capacity,CENTERSTONE OF FLORIDA,0.081081081
MANATEE,110028,Total Staffed Bed Capacity,CENTERSTONE OF FLORIDA,37
MANATEE,110049,Bed Census,SUNCOAST BEHAVIORAL HEALTH CENTER,36
MANATEE,110049,Available,SUNCOAST BEHAVIORAL HEALTH CENTER,24
MANATEE,110049,Available Capacity,SUNCOAST BEHAVIORAL HEALTH CENTER,0.4
MANATEE,110049,Total Staffed Bed Capacity,SUNCOAST BEHAVIORAL HEALTH CENTER,60
MANATEE,23960046,Bed Census,LAKEWOOD RANCH MEDICAL CENTER,92
MANATEE,23960046,Available,LAKEWOOD RANCH MEDICAL CENTER,22
MANATEE,23960046,Available Capacity,LAKEWOOD RANCH MEDICAL CENTER,0.192982456
MANATEE,23960046,Total Staffed Bed Capacity,LAKEWOOD RANCH MEDICAL CENTER,114
MARION,100062,Bed Census,ADVENTHEALTH OCALA,287
MARION,100062,Available,ADVENTHEALTH OCALA,12
MARION,100062,Available Capacity,ADVENTHEALTH OCALA,0.040133779
MARION,100062,Total Staffed Bed Capacity,ADVENTHEALTH OCALA,299
MARION,100212,Bed Census,OCALA REGIONAL MEDICAL CENTER,271
MARION,100212,Available,OCALA REGIONAL MEDICAL CENTER,17
MARION,100212,Available Capacity,OCALA REGIONAL MEDICAL CENTER,0.059027778
MARION,100212,Total Staffed Bed Capacity,OCALA REGIONAL MEDICAL CENTER,288
MARION,23960039,Bed Census,WEST MARION COMMUNITY HOSPITAL,179
MARION,23960039,Available,WEST MARION COMMUNITY HOSPITAL,7
MARION,23960039,Available Capacity,WEST MARION COMMUNITY HOSPITAL,0.037634409
MARION,23960039,Total Staffed Bed Capacity,WEST MARION COMMUNITY HOSPITAL,186
MARION,23960060,Bed Census,KINDRED HOSPITAL OCALA,13
MARION,23960060,Available,KINDRED HOSPITAL OCALA,5
MARION,23960060,Available Capacity,KINDRED HOSPITAL OCALA,0.277777778
MARION,23960060,Total Staffed Bed Capacity,KINDRED HOSPITAL OCALA,18
MARION,23960073,Bed Census,THE VINES HOSPITAL,76
MARION,23960073,Available,THE VINES HOSPITAL,22
MARION,23960073,Available Capacity,THE VINES HOSPITAL,0.224489796
MARION,23960073,Total Staffed Bed Capacity,THE VINES HOSPITAL,98
MARION,23960109,Bed Census,ENCOMPASS HEALTH REHABILITATION HOSPITAL OF OCALA,56
MARION,23960109,Available,ENCOMPASS HEALTH REHABILITATION HOSPITAL OF OCALA,24
MARION,23960109,Available Capacity,ENCOMPASS HEALTH REHABILITATION HOSPITAL OF OCALA,0.3
MARION,23960109,Total Staffed Bed Capacity,ENCOMPASS HEALTH REHABILITATION HOSPITAL OF OCALA,80
MARTIN,100044,Bed Census,CLEVELAND CLINIC MARTIN NORTH HOSPITAL,129
MARTIN,100044,Available,CLEVELAND CLINIC MARTIN NORTH HOSPITAL,57
MARTIN,100044,Available Capacity,CLEVELAND CLINIC MARTIN NORTH HOSPITAL,0.306451613
MARTIN,100044,Total Staffed Bed Capacity,CLEVELAND CLINIC MARTIN NORTH HOSPITAL,186
MARTIN,120009,Bed Census,CLEVELAND CLINIC MARTIN SOUTH HOSPITAL,53
MARTIN,120009,Available,CLEVELAND CLINIC MARTIN SOUTH HOSPITAL,46
MARTIN,120009,Available Capacity,CLEVELAND CLINIC MARTIN SOUTH HOSPITAL,0.464646465
MARTIN,120009,Total Staffed Bed Capacity,CLEVELAND CLINIC MARTIN SOUTH HOSPITAL,99
MARTIN,23960112,Bed Census,ENCOMPASS HEALTH REHAB HOSPITAL AN AFFILIATE OF MARTIN HEALTH,72
MARTIN,23960112,Available,ENCOMPASS HEALTH REHAB HOSPITAL AN AFFILIATE OF MARTIN HEALTH,8
MARTIN,23960112,Available Capacity,ENCOMPASS HEALTH REHAB HOSPITAL AN AFFILIATE OF MARTIN HEALTH,0.1
MARTIN,23960112,Total Staffed Bed Capacity,ENCOMPASS HEALTH REHAB HOSPITAL AN AFFILIATE OF MARTIN HEALTH,80
MARTIN,23960125,Bed Census,CORAL SHORES BEHAVIORAL HEALTH,31
MARTIN,23960125,Available,CORAL SHORES BEHAVIORAL HEALTH,49
MARTIN,23960125,Available Capacity,CORAL SHORES BEHAVIORAL HEALTH,0.6125
MARTIN,23960125,Total Staffed Bed Capacity,CORAL SHORES BEHAVIORAL HEALTH,80
MIAMI-DADE,100008,Bed Census,BAPTIST HOSPITAL OF MIAMI,628
MIAMI-DADE,100008,Available,BAPTIST HOSPITAL OF MIAMI,139
MIAMI-DADE,100008,Available Capacity,BAPTIST HOSPITAL OF MIAMI,0.181225554
MIAMI-DADE,100008,Total Staffed Bed Capacity,BAPTIST HOSPITAL OF MIAMI,767
MIAMI-DADE,100009,Bed Census,UNIVERSITY OF MIAMI HOSPITAL AND CLINICS-UHEALTH TOWER,332
MIAMI-DADE,100009,Available,UNIVERSITY OF MIAMI HOSPITAL AND CLINICS-UHEALTH TOWER,199
MIAMI-DADE,100009,Available Capacity,UNIVERSITY OF MIAMI HOSPITAL AND CLINICS-UHEALTH TOWER,0.374764595
MIAMI-DADE,100009,Total Staffed Bed Capacity,UNIVERSITY OF MIAMI HOSPITAL AND CLINICS-UHEALTH TOWER,531
MIAMI-DADE,100020,Bed Census,DOCTORS HOSPITAL,99
MIAMI-DADE,100020,Available,DOCTORS HOSPITAL,36
MIAMI-DADE,100020,Available Capacity,DOCTORS HOSPITAL,0.266666667
MIAMI-DADE,100020,Total Staffed Bed Capacity,DOCTORS HOSPITAL,135
MIAMI-DADE,100022,Bed Census,JACKSON MEMORIAL HOSPITAL,"1,354"
MIAMI-DADE,100022,Available,JACKSON MEMORIAL HOSPITAL,354
MIAMI-DADE,100022,Available Capacity,JACKSON MEMORIAL HOSPITAL,0.207259953
MIAMI-DADE,100022,Total Staffed Bed Capacity,JACKSON MEMORIAL HOSPITAL,"1,708"
MIAMI-DADE,100029,Bed Census,NORTH SHORE MEDICAL CENTER,161
MIAMI-DADE,100029,Available,NORTH SHORE MEDICAL CENTER,112
MIAMI-DADE,100029,Available Capacity,NORTH SHORE MEDICAL CENTER,0.410256410
MIAMI-DADE,100029,Total Staffed Bed Capacity,NORTH SHORE MEDICAL CENTER,273
MIAMI-DADE,100034,Bed Census,MOUNT SINAI MEDICAL CENTER,426
MIAMI-DADE,100034,Available,MOUNT SINAI MEDICAL CENTER,128
MIAMI-DADE,100034,Available Capacity,MOUNT SINAI MEDICAL CENTER,0.231046931
MIAMI-DADE,100034,Total Staffed Bed Capacity,MOUNT SINAI MEDICAL CENTER,554
MIAMI-DADE,100050,Bed Census,LARKIN COMMUNITY HOSPITAL PALM SPRINGS CAMPUS,99
MIAMI-DADE,100050,Available,LARKIN COMMUNITY HOSPITAL PALM SPRINGS CAMPUS,73
MIAMI-DADE,100050,Available Capacity,LARKIN COMMUNITY HOSPITAL PALM SPRINGS CAMPUS,0.424418605
MIAMI-DADE,100050,Total Staffed Bed Capacity,LARKIN COMMUNITY HOSPITAL PALM SPRINGS CAMPUS,172
MIAMI-DADE,100053,Bed Census,HIALEAH HOSPITAL,175
MIAMI-DADE,100053,Available,HIALEAH HOSPITAL,93
MIAMI-DADE,100053,Available Capacity,HIALEAH HOSPITAL,0.347014925
MIAMI-DADE,100053,Total Staffed Bed Capacity,HIALEAH HOSPITAL,268
MIAMI-DADE,100061,Bed Census,"MERCY HOSPITAL, A CAMPUS OF PLANTATION GENERAL HOSPITAL",296
MIAMI-DADE,100061,Available,"MERCY HOSPITAL, A CAMPUS OF PLANTATION GENERAL HOSPITAL",145
MIAMI-DADE,100061,Available Capacity,"MERCY HOSPITAL, A CAMPUS OF PLANTATION GENERAL HOSPITAL",0.328798186
MIAMI-DADE,100061,Total Staffed Bed Capacity,"MERCY HOSPITAL, A CAMPUS OF PLANTATION GENERAL HOSPITAL",441
MIAMI-DADE,100076,Bed Census,VARIETY CHILDREN'S HOSPITAL,0
MIAMI-DADE,100076,Available,VARIETY CHILDREN'S HOSPITAL,0
MIAMI-DADE,100076,Available Capacity,VARIETY CHILDREN'S HOSPITAL,
MIAMI-DADE,100076,Total Staffed Bed Capacity,VARIETY CHILDREN'S HOSPITAL,0
MIAMI-DADE,100079,Bed Census,UNIVERSITY OF MIAMI HOSPITAL AND CLINICS-SYLVESTER COMPREHENSIVE,13
MIAMI-DADE,100079,Available,UNIVERSITY OF MIAMI HOSPITAL AND CLINICS-SYLVESTER COMPREHENSIVE,44
MIAMI-DADE,100079,Available Capacity,UNIVERSITY OF MIAMI HOSPITAL AND CLINICS-SYLVESTER COMPREHENSIVE,0.771929825
MIAMI-DADE,100079,Total Staffed Bed Capacity,UNIVERSITY OF MIAMI HOSPITAL AND CLINICS-SYLVESTER COMPREHENSIVE,57
MIAMI-DADE,100114,Bed Census,JACKSON NORTH MEDICAL CENTER,219
MIAMI-DADE,100114,Available,JACKSON NORTH MEDICAL CENTER,43
MIAMI-DADE,100114,Available Capacity,JACKSON NORTH MEDICAL CENTER,0.164122137
MIAMI-DADE,100114,Total Staffed Bed Capacity,JACKSON NORTH MEDICAL CENTER,262
MIAMI-DADE,100125,Bed Census,HOMESTEAD HOSPITAL,121
MIAMI-DADE,100125,Available,HOMESTEAD HOSPITAL,34
MIAMI-DADE,100125,Available Capacity,HOMESTEAD HOSPITAL,0.219354839
MIAMI-DADE,100125,Total Staffed Bed Capacity,HOMESTEAD HOSPITAL,155
MIAMI-DADE,100131,Bed Census,AVENTURA HOSPITAL AND MEDICAL CENTER,383
MIAMI-DADE,100131,Available,AVENTURA HOSPITAL AND MEDICAL CENTER,31
MIAMI-DADE,100131,Available Capacity,AVENTURA HOSPITAL AND MEDICAL CENTER,0.074879227
MIAMI-DADE,100131,Total Staffed Bed Capacity,AVENTURA HOSPITAL AND MEDICAL CENTER,414
MIAMI-DADE,100152,Bed Census,KINDRED HOSPITAL-SOUTH FLORIDA-CORAL GABLES,54
MIAMI-DADE,100152,Available,KINDRED HOSPITAL-SOUTH FLORIDA-CORAL GABLES,1
MIAMI-DADE,100152,Available Capacity,KINDRED HOSPITAL-SOUTH FLORIDA-CORAL GABLES,0.018181818
MIAMI-DADE,100152,Total Staffed Bed Capacity,KINDRED HOSPITAL-SOUTH FLORIDA-CORAL GABLES,55
MIAMI-DADE,100154,Bed Census,SOUTH MIAMI HOSPITAL,362
MIAMI-DADE,100154,Available,SOUTH MIAMI HOSPITAL,83
MIAMI-DADE,100154,Available Capacity,SOUTH MIAMI HOSPITAL,0.186516854
MIAMI-DADE,100154,Total Staffed Bed Capacity,SOUTH MIAMI HOSPITAL,445
MIAMI-DADE,100165,Bed Census,WESTCHESTER GENERAL HOSPITAL,98
MIAMI-DADE,100165,Available,WESTCHESTER GENERAL HOSPITAL,10
MIAMI-DADE,100165,Available Capacity,WESTCHESTER GENERAL HOSPITAL,0.092592593
MIAMI-DADE,100165,Total Staffed Bed Capacity,WESTCHESTER GENERAL HOSPITAL,108
MIAMI-DADE,100181,Bed Census,LARKIN COMMUNITY HOSPITAL,89
MIAMI-DADE,100181,Available,LARKIN COMMUNITY HOSPITAL,25
MIAMI-DADE,100181,Available Capacity,LARKIN COMMUNITY HOSPITAL,0.219298246
MIAMI-DADE,100181,Total Staffed Bed Capacity,LARKIN COMMUNITY HOSPITAL,114
MIAMI-DADE,100183,Bed Census,CORAL GABLES HOSPITAL,85
MIAMI-DADE,100183,Available,CORAL GABLES HOSPITAL,42
MIAMI-DADE,100183,Available Capacity,CORAL GABLES HOSPITAL,0.330708661
MIAMI-DADE,100183,Total Staffed Bed Capacity,CORAL GABLES HOSPITAL,127
MIAMI-DADE,100187,Bed Census,PALMETTO GENERAL HOSPITAL,243
MIAMI-DADE,100187,Available,PALMETTO GENERAL HOSPITAL,240
MIAMI-DADE,100187,Available Capacity,PALMETTO GENERAL HOSPITAL,0.496894410
MIAMI-DADE,100187,Total Staffed Bed Capacity,PALMETTO GENERAL HOSPITAL,483
MIAMI-DADE,100197,Bed Census,DOUGLAS GARDENS HOSPITAL,2
MIAMI-DADE,100197,Available,DOUGLAS GARDENS HOSPITAL,30
MIAMI-DADE,100197,Available Capacity,DOUGLAS GARDENS HOSPITAL,0.9375
MIAMI-DADE,100197,Total Staffed Bed Capacity,DOUGLAS GARDENS HOSPITAL,32
MIAMI-DADE,100208,Bed Census,JACKSON SOUTH MEDICAL CENTER,197
MIAMI-DADE,100208,Available,JACKSON SOUTH MEDICAL CENTER,33
MIAMI-DADE,100208,Available Capacity,JACKSON SOUTH MEDICAL CENTER,0.143478261
MIAMI-DADE,100208,Total Staffed Bed Capacity,JACKSON SOUTH MEDICAL CENTER,230
MIAMI-DADE,100209,Bed Census,KENDALL REGIONAL MEDICAL CENTER,353
MIAMI-DADE,100209,Available,KENDALL REGIONAL MEDICAL CENTER,94
MIAMI-DADE,100209,Available Capacity,KENDALL REGIONAL MEDICAL CENTER,0.210290828
MIAMI-DADE,100209,Total Staffed Bed Capacity,KENDALL REGIONAL MEDICAL CENTER,447
MIAMI-DADE,100240,Bed Census,UNIVERSITY OF MIAMI HOSPITAL AND CLINICS-BASCOM PALMER EYE INST,0
MIAMI-DADE,100240,Available,UNIVERSITY OF MIAMI HOSPITAL AND CLINICS-BASCOM PALMER EYE INST,7
MIAMI-DADE,100240,Available Capacity,UNIVERSITY OF MIAMI HOSPITAL AND CLINICS-BASCOM PALMER EYE INST,1
MIAMI-DADE,100240,Total Staffed Bed Capacity,UNIVERSITY OF MIAMI HOSPITAL AND CLINICS-BASCOM PALMER EYE INST,7
MIAMI-DADE,103004,Bed Census,ST CATHERINE'S REHABILITATION HOSPITAL,6
MIAMI-DADE,103004,Available,ST CATHERINE'S REHABILITATION HOSPITAL,16
MIAMI-DADE,103004,Available Capacity,ST CATHERINE'S REHABILITATION HOSPITAL,0.727272727
MIAMI-DADE,103004,Total Staffed Bed Capacity,ST CATHERINE'S REHABILITATION HOSPITAL,22
MIAMI-DADE,103038,Bed Census,ENCOMPASS HEALTH REHABILITATION HOSPITAL OF MIAMI,40
MIAMI-DADE,103038,Available,ENCOMPASS HEALTH REHABILITATION HOSPITAL OF MIAMI,20
MIAMI-DADE,103038,Available Capacity,ENCOMPASS HEALTH REHABILITATION HOSPITAL OF MIAMI,0.333333333
MIAMI-DADE,103038,Total Staffed Bed Capacity,ENCOMPASS HEALTH REHABILITATION HOSPITAL OF MIAMI,60
MIAMI-DADE,110040,Bed Census,SOUTHERN WINDS,72
MIAMI-DADE,110040,Available,SOUTHERN WINDS,0
MIAMI-DADE,110040,Available Capacity,SOUTHERN WINDS,0
MIAMI-DADE,110040,Total Staffed Bed Capacity,SOUTHERN WINDS,72
MIAMI-DADE,110041,Bed Census,WEST GABLES REHABILITATION HOSPITAL,53
MIAMI-DADE,110041,Available,WEST GABLES REHABILITATION HOSPITAL,7
MIAMI-DADE,110041,Available Capacity,WEST GABLES REHABILITATION HOSPITAL,0.116666667
MIAMI-DADE,110041,Total Staffed Bed Capacity,WEST GABLES REHABILITATION HOSPITAL,60
MIAMI-DADE,110199,Bed Census,NICKLAUS CHILDREN'S HOSPITAL,197
MIAMI-DADE,110199,Available,NICKLAUS CHILDREN'S HOSPITAL,126
MIAMI-DADE,110199,Available Capacity,NICKLAUS CHILDREN'S HOSPITAL,0.390092879
MIAMI-DADE,110199,Total Staffed Bed Capacity,NICKLAUS CHILDREN'S HOSPITAL,323
MIAMI-DADE,120014,Bed Census,SOUTH FLORIDA EVALUATION AND TREATMENT CENTER,192
MIAMI-DADE,120014,Available,SOUTH FLORIDA EVALUATION AND TREATMENT CENTER,0
MIAMI-DADE,120014,Available Capacity,SOUTH FLORIDA EVALUATION AND TREATMENT CENTER,0
MIAMI-DADE,120014,Total Staffed Bed Capacity,SOUTH FLORIDA EVALUATION AND TREATMENT CENTER,192
MIAMI-DADE,23960028,Bed Census,SELECT SPECIALTY HOSPITAL-MIAMI,47
MIAMI-DADE,23960028,Available,SELECT SPECIALTY HOSPITAL-MIAMI,0
MIAMI-DADE,23960028,Available Capacity,SELECT SPECIALTY HOSPITAL-MIAMI,0
MIAMI-DADE,23960028,Total Staffed Bed Capacity,SELECT SPECIALTY HOSPITAL-MIAMI,47
MIAMI-DADE,23960064,Bed Census,WEST KENDALL BAPTIST HOSPITAL,141
MIAMI-DADE,23960064,Available,WEST KENDALL BAPTIST HOSPITAL,20
MIAMI-DADE,23960064,Available Capacity,WEST KENDALL BAPTIST HOSPITAL,0.124223602
MIAMI-DADE,23960064,Total Staffed Bed Capacity,WEST KENDALL BAPTIST HOSPITAL,161
MIAMI-DADE,23960094,Bed Census,SELECT SPECIALTY HOSPITAL-MIAMI LAKES,60
MIAMI-DADE,23960094,Available,SELECT SPECIALTY HOSPITAL-MIAMI LAKES,0
MIAMI-DADE,23960094,Available Capacity,SELECT SPECIALTY HOSPITAL-MIAMI LAKES,0
MIAMI-DADE,23960094,Total Staffed Bed Capacity,SELECT SPECIALTY HOSPITAL-MIAMI LAKES,60
MIAMI-DADE,23960097,Bed Census,ST CATHERINE'S WEST REHABILITATION HOSPITAL,21
MIAMI-DADE,23960097,Available,ST CATHERINE'S WEST REHABILITATION HOSPITAL,19
MIAMI-DADE,23960097,Available Capacity,ST CATHERINE'S WEST REHABILITATION HOSPITAL,0.475
MIAMI-DADE,23960097,Total Staffed Bed Capacity,ST CATHERINE'S WEST REHABILITATION HOSPITAL,40
MONROE,100024,Bed Census,FISHERMEN'S COMMUNITY HOSPITAL,4
MONROE,100024,Available,FISHERMEN'S COMMUNITY HOSPITAL,5
MONROE,100024,Available Capacity,FISHERMEN'S COMMUNITY HOSPITAL,0.555555556
MONROE,100024,Total Staffed Bed Capacity,FISHERMEN'S COMMUNITY HOSPITAL,9
MONROE,100150,Bed Census,DEPOO HOSPITAL,11
MONROE,100150,Available,DEPOO HOSPITAL,34
MONROE,100150,Available Capacity,DEPOO HOSPITAL,0.755555556
MONROE,100150,Total Staffed Bed Capacity,DEPOO HOSPITAL,45
MONROE,100160,Bed Census,MARINERS HOSPITAL,27
MONROE,100160,Available,MARINERS HOSPITAL,14
MONROE,100160,Available Capacity,MARINERS HOSPITAL,0.341463415
MONROE,100160,Total Staffed Bed Capacity,MARINERS HOSPITAL,41
MONROE,100195,Bed Census,LOWER KEYS MEDICAL CENTER,32
MONROE,100195,Available,LOWER KEYS MEDICAL CENTER,42
MONROE,100195,Available Capacity,LOWER KEYS MEDICAL CENTER,0.567567568
MONROE,100195,Total Staffed Bed Capacity,LOWER KEYS MEDICAL CENTER,74
NASSAU,100140,Bed Census,BAPTIST MEDICAL CENTER NASSAU,33
NASSAU,100140,Available,BAPTIST MEDICAL CENTER NASSAU,35
NASSAU,100140,Available Capacity,BAPTIST MEDICAL CENTER NASSAU,0.514705882
NASSAU,100140,Total Staffed Bed Capacity,BAPTIST MEDICAL CENTER NASSAU,68
OKALOOSA,100054,Bed Census,TWIN CITIES HOSPITAL,33
OKALOOSA,100054,Available,TWIN CITIES HOSPITAL,10
OKALOOSA,100054,Available Capacity,TWIN CITIES HOSPITAL,0.232558140
OKALOOSA,100054,Total Staffed Bed Capacity,TWIN CITIES HOSPITAL,43
OKALOOSA,100122,Bed Census,NORTH OKALOOSA MEDICAL CENTER,68
OKALOOSA,100122,Available,NORTH OKALOOSA MEDICAL CENTER,54
OKALOOSA,100122,Available Capacity,NORTH OKALOOSA MEDICAL CENTER,0.442622951
OKALOOSA,100122,Total Staffed Bed Capacity,NORTH OKALOOSA MEDICAL CENTER,122
OKALOOSA,100223,Bed Census,FORT WALTON BEACH MEDICAL CENTER,226
OKALOOSA,100223,Available,FORT WALTON BEACH MEDICAL CENTER,17
OKALOOSA,100223,Available Capacity,FORT WALTON BEACH MEDICAL CENTER,0.069958848
OKALOOSA,100223,Total Staffed Bed Capacity,FORT WALTON BEACH MEDICAL CENTER,243
OKALOOSA,111520,Bed Census,GULF COAST TREATMENT CENTER,28
OKALOOSA,111520,Available,GULF COAST TREATMENT CENTER,0
OKALOOSA,111520,Available Capacity,GULF COAST TREATMENT CENTER,0
OKALOOSA,111520,Total Staffed Bed Capacity,GULF COAST TREATMENT CENTER,28
OKALOOSA,23960106,Bed Census,"REHABILITATION INSTITUTE OF NORTHWEST FLORIDA, THE",14
OKALOOSA,23960106,Available,"REHABILITATION INSTITUTE OF NORTHWEST FLORIDA, THE",16
OKALOOSA,23960106,Available Capacity,"REHABILITATION INSTITUTE OF NORTHWEST FLORIDA, THE",0.533333333
OKALOOSA,23960106,Total Staffed Bed Capacity,"REHABILITATION INSTITUTE OF NORTHWEST FLORIDA, THE",30
OKEECHOBEE,100252,Bed Census,RAULERSON HOSPITAL,52
OKEECHOBEE,100252,Available,RAULERSON HOSPITAL,48
OKEECHOBEE,100252,Available Capacity,RAULERSON HOSPITAL,0.48
OKEECHOBEE,100252,Total Staffed Bed Capacity,RAULERSON HOSPITAL,100
ORANGE,100006,Bed Census,ORLANDO HEALTH ORLANDO REGIONAL MEDICAL CENTER,610
ORANGE,100006,Available,ORLANDO HEALTH ORLANDO REGIONAL MEDICAL CENTER,268
ORANGE,100006,Available Capacity,ORLANDO HEALTH ORLANDO REGIONAL MEDICAL CENTER,0.305239180
ORANGE,100006,Total Staffed Bed Capacity,ORLANDO HEALTH ORLANDO REGIONAL MEDICAL CENTER,878
ORANGE,100007,Bed Census,ADVENTHEALTH ORLANDO,"1,031"
ORANGE,100007,Available,ADVENTHEALTH ORLANDO,333
ORANGE,100007,Available Capacity,ADVENTHEALTH ORLANDO,0.244134897
ORANGE,100007,Total Staffed Bed Capacity,ADVENTHEALTH ORLANDO,"1,364"
ORANGE,100021,Bed Census,ADVENTHEALTH EAST ORLANDO,248
ORANGE,100021,Available,ADVENTHEALTH EAST ORLANDO,47
ORANGE,100021,Available Capacity,ADVENTHEALTH EAST ORLANDO,0.159322034
ORANGE,100021,Total Staffed Bed Capacity,ADVENTHEALTH EAST ORLANDO,295
ORANGE,100030,Bed Census,ORLANDO HEALTH - HEALTH CENTRAL HOSPITAL,180
ORANGE,100030,Available,ORLANDO HEALTH - HEALTH CENTRAL HOSPITAL,25
ORANGE,100030,Available Capacity,ORLANDO HEALTH - HEALTH CENTRAL HOSPITAL,0.121951220
ORANGE,100030,Total Staffed Bed Capacity,ORLANDO HEALTH - HEALTH CENTRAL HOSPITAL,205
ORANGE,100129,Bed Census,ASPIRE HEALTH PARTNERS,44
ORANGE,100129,Available,ASPIRE HEALTH PARTNERS,5
ORANGE,100129,Available Capacity,ASPIRE HEALTH PARTNERS,0.102040816
ORANGE,100129,Total Staffed Bed Capacity,ASPIRE HEALTH PARTNERS,49
ORANGE,100162,Bed Census,ADVENTHEALTH WINTER PARK,204
ORANGE,100162,Available,ADVENTHEALTH WINTER PARK,218
ORANGE,100162,Available Capacity,ADVENTHEALTH WINTER PARK,0.516587678
ORANGE,100162,Total Staffed Bed Capacity,ADVENTHEALTH WINTER PARK,422
ORANGE,110047,Bed Census,UNIVERSITY BEHAVIORAL CENTER,102
ORANGE,110047,Available,UNIVERSITY BEHAVIORAL CENTER,20
ORANGE,110047,Available Capacity,UNIVERSITY BEHAVIORAL CENTER,0.163934426
ORANGE,110047,Total Staffed Bed Capacity,UNIVERSITY BEHAVIORAL CENTER,122
ORANGE,110051,Bed Census,LA AMISTAD RESIDENTIAL TREATMENT CENTER,40
ORANGE,110051,Available,LA AMISTAD RESIDENTIAL TREATMENT CENTER,0
ORANGE,110051,Available Capacity,LA AMISTAD RESIDENTIAL TREATMENT CENTER,0
ORANGE,110051,Total Staffed Bed Capacity,LA AMISTAD RESIDENTIAL TREATMENT CENTER,40
ORANGE,120001,Bed Census,ARNOLD PALMER MEDICAL CENTER,312
ORANGE,120001,Available,ARNOLD PALMER MEDICAL CENTER,146
ORANGE,120001,Available Capacity,ARNOLD PALMER MEDICAL CENTER,0.318777293
ORANGE,120001,Total Staffed Bed Capacity,ARNOLD PALMER MEDICAL CENTER,458
ORANGE,120002,Bed Census,ORLANDO HEALTH DR P PHILLIPS HOSPITAL,193
ORANGE,120002,Available,ORLANDO HEALTH DR P PHILLIPS HOSPITAL,8
ORANGE,120002,Available Capacity,ORLANDO HEALTH DR P PHILLIPS HOSPITAL,0.039800995
ORANGE,120002,Total Staffed Bed Capacity,ORLANDO HEALTH DR P PHILLIPS HOSPITAL,201
ORANGE,120003,Bed Census,ADVENTHEALTH APOPKA,104
ORANGE,120003,Available,ADVENTHEALTH APOPKA,16
ORANGE,120003,Available Capacity,ADVENTHEALTH APOPKA,0.133333333
ORANGE,120003,Total Staffed Bed Capacity,ADVENTHEALTH APOPKA,120
ORANGE,23960043,Bed Census,SELECT SPECIALTY HOSPITAL - ORLANDO (NORTH CAMPUS),30
ORANGE,23960043,Available,SELECT SPECIALTY HOSPITAL - ORLANDO (NORTH CAMPUS),5
ORANGE,23960043,Available Capacity,SELECT SPECIALTY HOSPITAL - ORLANDO (NORTH CAMPUS),0.142857143
ORANGE,23960043,Total Staffed Bed Capacity,SELECT SPECIALTY HOSPITAL - ORLANDO (NORTH CAMPUS),35
ORANGE,23960068,Bed Census,SELECT SPECIALTY HOSPITAL - ORLANDO (SOUTH CAMPUS),64
ORANGE,23960068,Available,SELECT SPECIALTY HOSPITAL - ORLANDO (SOUTH CAMPUS),0
ORANGE,23960068,Available Capacity,SELECT SPECIALTY HOSPITAL - ORLANDO (SOUTH CAMPUS),0
ORANGE,23960068,Total Staffed Bed Capacity,SELECT SPECIALTY HOSPITAL - ORLANDO (SOUTH CAMPUS),64
ORANGE,23960083,Bed Census,CENTRAL FLORIDA BEHAVIORAL HOSPITAL,143
ORANGE,23960083,Available,CENTRAL FLORIDA BEHAVIORAL HOSPITAL,0
ORANGE,23960083,Available Capacity,CENTRAL FLORIDA BEHAVIORAL HOSPITAL,0
ORANGE,23960083,Total Staffed Bed Capacity,CENTRAL FLORIDA BEHAVIORAL HOSPITAL,143
ORANGE,23960096,Bed Census,NEMOURS CHILDREN'S HOSPITAL,63
ORANGE,23960096,Available,NEMOURS CHILDREN'S HOSPITAL,49
ORANGE,23960096,Available Capacity,NEMOURS CHILDREN'S HOSPITAL,0.4375
ORANGE,23960096,Total Staffed Bed Capacity,NEMOURS CHILDREN'S HOSPITAL,112
ORANGE,23960180,Bed Census,ORLANDO HEALTH HORIZON WEST HOSPITAL,
ORANGE,23960180,Available,ORLANDO HEALTH HORIZON WEST HOSPITAL,
ORANGE,23960180,Available Capacity,ORLANDO HEALTH HORIZON WEST HOSPITAL,
ORANGE,23960180,Total Staffed Bed Capacity,ORLANDO HEALTH HORIZON WEST HOSPITAL,
OSCEOLA,100074,Bed Census,ORLANDO HEALTH ST CLOUD HOSPITAL,58
OSCEOLA,100074,Available,ORLANDO HEALTH ST CLOUD HOSPITAL,35
OSCEOLA,100074,Available Capacity,ORLANDO HEALTH ST CLOUD HOSPITAL,0.376344086
OSCEOLA,100074,Total Staffed Bed Capacity,ORLANDO HEALTH ST CLOUD HOSPITAL,93
OSCEOLA,100089,Bed Census,ADVENTHEALTH KISSIMMEE,142
OSCEOLA,100089,Available,ADVENTHEALTH KISSIMMEE,30
OSCEOLA,100089,Available Capacity,ADVENTHEALTH KISSIMMEE,0.174418605
OSCEOLA,100089,Total Staffed Bed Capacity,ADVENTHEALTH KISSIMMEE,172
OSCEOLA,100110,Bed Census,OSCEOLA REGIONAL MEDICAL CENTER,374
OSCEOLA,100110,Available,OSCEOLA REGIONAL MEDICAL CENTER,56
OSCEOLA,100110,Available Capacity,OSCEOLA REGIONAL MEDICAL CENTER,0.130232558
OSCEOLA,100110,Total Staffed Bed Capacity,OSCEOLA REGIONAL MEDICAL CENTER,430
OSCEOLA,23960017,Bed Census,ADVENTHEALTH CELEBRATION,234
OSCEOLA,23960017,Available,ADVENTHEALTH CELEBRATION,83
OSCEOLA,23960017,Available Capacity,ADVENTHEALTH CELEBRATION,0.261829653
OSCEOLA,23960017,Total Staffed Bed Capacity,ADVENTHEALTH CELEBRATION,317
OSCEOLA,23960111,Bed Census,POINCIANA MEDICAL CENTER,63
OSCEOLA,23960111,Available,POINCIANA MEDICAL CENTER,13
OSCEOLA,23960111,Available Capacity,POINCIANA MEDICAL CENTER,0.171052632
OSCEOLA,23960111,Total Staffed Bed Capacity,POINCIANA MEDICAL CENTER,76
OSCEOLA,23960129,Bed Census,BLACKBERRY CENTER,56
OSCEOLA,23960129,Available,BLACKBERRY CENTER,8
OSCEOLA,23960129,Available Capacity,BLACKBERRY CENTER,0.125
OSCEOLA,23960129,Total Staffed Bed Capacity,BLACKBERRY CENTER,64
PALM BEACH,100002,Bed Census,BETHESDA HOSPITAL EAST,244
PALM BEACH,100002,Available,BETHESDA HOSPITAL EAST,145
PALM BEACH,100002,Available Capacity,BETHESDA HOSPITAL EAST,0.372750643
PALM BEACH,100002,Total Staffed Bed Capacity,BETHESDA HOSPITAL EAST,389
PALM BEACH,100010,Bed Census,ST MARY'S MEDICAL CENTER,302
PALM BEACH,100010,Available,ST MARY'S MEDICAL CENTER,196
PALM BEACH,100010,Available Capacity,ST MARY'S MEDICAL CENTER,0.393574297
PALM BEACH,100010,Total Staffed Bed Capacity,ST MARY'S MEDICAL CENTER,498
PALM BEACH,100080,Bed Census,JFK MEDICAL CENTER,406
PALM BEACH,100080,Available,JFK MEDICAL CENTER,122
PALM BEACH,100080,Available Capacity,JFK MEDICAL CENTER,0.231060606
PALM BEACH,100080,Total Staffed Bed Capacity,JFK MEDICAL CENTER,528
PALM BEACH,100130,Bed Census,LAKESIDE MEDICAL CENTER,22
PALM BEACH,100130,Available,LAKESIDE MEDICAL CENTER,48
PALM BEACH,100130,Available Capacity,LAKESIDE MEDICAL CENTER,0.685714286
PALM BEACH,100130,Total Staffed Bed Capacity,LAKESIDE MEDICAL CENTER,70
PALM BEACH,100168,Bed Census,BOCA RATON REGIONAL HOSPITAL,328
PALM BEACH,100168,Available,BOCA RATON REGIONAL HOSPITAL,77
PALM BEACH,100168,Available Capacity,BOCA RATON REGIONAL HOSPITAL,0.190123457
PALM BEACH,100168,Total Staffed Bed Capacity,BOCA RATON REGIONAL HOSPITAL,405
PALM BEACH,100176,Bed Census,PALM BEACH GARDENS MEDICAL CENTER,150
PALM BEACH,100176,Available,PALM BEACH GARDENS MEDICAL CENTER,49
PALM BEACH,100176,Available Capacity,PALM BEACH GARDENS MEDICAL CENTER,0.246231156
PALM BEACH,100176,Total Staffed Bed Capacity,PALM BEACH GARDENS MEDICAL CENTER,199
PALM BEACH,100234,Bed Census,JFK MEDICAL CENTER NORTH CAMPUS,145
PALM BEACH,100234,Available,JFK MEDICAL CENTER NORTH CAMPUS,87
PALM BEACH,100234,Available Capacity,JFK MEDICAL CENTER NORTH CAMPUS,0.375
PALM BEACH,100234,Total Staffed Bed Capacity,JFK MEDICAL CENTER NORTH CAMPUS,232
PALM BEACH,100253,Bed Census,JUPITER MEDICAL CENTER,170
PALM BEACH,100253,Available,JUPITER MEDICAL CENTER,70
PALM BEACH,100253,Available Capacity,JUPITER MEDICAL CENTER,0.291666667
PALM BEACH,100253,Total Staffed Bed Capacity,JUPITER MEDICAL CENTER,240
PALM BEACH,100258,Bed Census,DELRAY MEDICAL CENTER,376
PALM BEACH,100258,Available,DELRAY MEDICAL CENTER,48
PALM BEACH,100258,Available Capacity,DELRAY MEDICAL CENTER,0.113207547
PALM BEACH,100258,Total Staffed Bed Capacity,DELRAY MEDICAL CENTER,424
PALM BEACH,104008,Bed Census,THE JEROME GOLDEN CENTER FOR BEHAVIORAL HEALTH INC,0
PALM BEACH,104008,Available,THE JEROME GOLDEN CENTER FOR BEHAVIORAL HEALTH INC,0
PALM BEACH,104008,Available Capacity,THE JEROME GOLDEN CENTER FOR BEHAVIORAL HEALTH INC,
PALM BEACH,104008,Total Staffed Bed Capacity,THE JEROME GOLDEN CENTER FOR BEHAVIORAL HEALTH INC,0
PALM BEACH,110006,Bed Census,PALMS WEST HOSPITAL,179
PALM BEACH,110006,Available,PALMS WEST HOSPITAL,27
PALM BEACH,110006,Available Capacity,PALMS WEST HOSPITAL,0.131067961
PALM BEACH,110006,Total Staffed Bed Capacity,PALMS WEST HOSPITAL,206
PALM BEACH,110008,Bed Census,WEST BOCA MEDICAL CENTER,97
PALM BEACH,110008,Available,WEST BOCA MEDICAL CENTER,119
PALM BEACH,110008,Available Capacity,WEST BOCA MEDICAL CENTER,0.550925926
PALM BEACH,110008,Total Staffed Bed Capacity,WEST BOCA MEDICAL CENTER,216
PALM BEACH,110010,Bed Census,WELLINGTON REGIONAL MEDICAL CENTER,181
PALM BEACH,110010,Available,WELLINGTON REGIONAL MEDICAL CENTER,26
PALM BEACH,110010,Available Capacity,WELLINGTON REGIONAL MEDICAL CENTER,0.125603865
PALM BEACH,110010,Total Staffed Bed Capacity,WELLINGTON REGIONAL MEDICAL CENTER,207
PALM BEACH,110403,Bed Census,GOOD SAMARITAN MEDICAL CENTER,163
PALM BEACH,110403,Available,GOOD SAMARITAN MEDICAL CENTER,21
PALM BEACH,110403,Available Capacity,GOOD SAMARITAN MEDICAL CENTER,0.114130435
PALM BEACH,110403,Total Staffed Bed Capacity,GOOD SAMARITAN MEDICAL CENTER,184
PALM BEACH,23960072,Bed Census,SELECT SPECIALTY HOSPITAL- PALM BEACH,50
PALM BEACH,23960072,Available,SELECT SPECIALTY HOSPITAL- PALM BEACH,10
PALM BEACH,23960072,Available Capacity,SELECT SPECIALTY HOSPITAL- PALM BEACH,0.166666667
PALM BEACH,23960072,Total Staffed Bed Capacity,SELECT SPECIALTY HOSPITAL- PALM BEACH,60
PALM BEACH,23960074,Bed Census,KINDRED HOSPITAL THE PALM BEACHES,59
PALM BEACH,23960074,Available,KINDRED HOSPITAL THE PALM BEACHES,11
PALM BEACH,23960074,Available Capacity,KINDRED HOSPITAL THE PALM BEACHES,0.157142857
PALM BEACH,23960074,Total Staffed Bed Capacity,KINDRED HOSPITAL THE PALM BEACHES,70
PALM BEACH,23960098,Bed Census,BETHESDA HOSPITAL WEST,76
PALM BEACH,23960098,Available,BETHESDA HOSPITAL WEST,4
PALM BEACH,23960098,Available Capacity,BETHESDA HOSPITAL WEST,0.05
PALM BEACH,23960098,Total Staffed Bed Capacity,BETHESDA HOSPITAL WEST,80
PASCO,100046,Bed Census,ADVENTHEALTH ZEPHYRHILLS,134
PASCO,100046,Available,ADVENTHEALTH ZEPHYRHILLS,13
PASCO,100046,Available Capacity,ADVENTHEALTH ZEPHYRHILLS,0.088435374
PASCO,100046,Total Staffed Bed Capacity,ADVENTHEALTH ZEPHYRHILLS,147
PASCO,100063,Bed Census,MORTON PLANT NORTH BAY HOSPITAL,125
PASCO,100063,Available,MORTON PLANT NORTH BAY HOSPITAL,30
PASCO,100063,Available Capacity,MORTON PLANT NORTH BAY HOSPITAL,0.193548387
PASCO,100063,Total Staffed Bed Capacity,MORTON PLANT NORTH BAY HOSPITAL,155
PASCO,100191,Bed Census,MEDICAL CENTER OF TRINITY,240
PASCO,100191,Available,MEDICAL CENTER OF TRINITY,66
PASCO,100191,Available Capacity,MEDICAL CENTER OF TRINITY,0.215686275
PASCO,100191,Total Staffed Bed Capacity,MEDICAL CENTER OF TRINITY,306
PASCO,100211,Bed Census,ADVENTHEALTH DADE CITY,81
PASCO,100211,Available,ADVENTHEALTH DADE CITY,16
PASCO,100211,Available Capacity,ADVENTHEALTH DADE CITY,0.164948454
PASCO,100211,Total Staffed Bed Capacity,ADVENTHEALTH DADE CITY,97
PASCO,100256,Bed Census,REGIONAL MEDICAL CENTER BAYONET POINT,276
PASCO,100256,Available,REGIONAL MEDICAL CENTER BAYONET POINT,14
PASCO,100256,Available Capacity,REGIONAL MEDICAL CENTER BAYONET POINT,0.048275862
PASCO,100256,Total Staffed Bed Capacity,REGIONAL MEDICAL CENTER BAYONET POINT,290
PASCO,23960082,Bed Census,ADVENTHEALTH CONNERTON,67
PASCO,23960082,Available,ADVENTHEALTH CONNERTON,2
PASCO,23960082,Available Capacity,ADVENTHEALTH CONNERTON,0.028985507
PASCO,23960082,Total Staffed Bed Capacity,ADVENTHEALTH CONNERTON,69
PASCO,23960099,Bed Census,ADVENTHEALTH WESLEY CHAPEL,94
PASCO,23960099,Available,ADVENTHEALTH WESLEY CHAPEL,17
PASCO,23960099,Available Capacity,ADVENTHEALTH WESLEY CHAPEL,0.153153153
PASCO,23960099,Total Staffed Bed Capacity,ADVENTHEALTH WESLEY CHAPEL,111
PASCO,23960102,Bed Census,MORTON PLANT NORTH BAY HOSPITAL RECOVERY CENTER,41
PASCO,23960102,Available,MORTON PLANT NORTH BAY HOSPITAL RECOVERY CENTER,4
PASCO,23960102,Available Capacity,MORTON PLANT NORTH BAY HOSPITAL RECOVERY CENTER,0.088888889
PASCO,23960102,Total Staffed Bed Capacity,MORTON PLANT NORTH BAY HOSPITAL RECOVERY CENTER,45
PASCO,23960110,Bed Census,MEDICAL CENTER OF TRINITY WEST PASCO CAMPUS,42
PASCO,23960110,Available,MEDICAL CENTER OF TRINITY WEST PASCO CAMPUS,20
PASCO,23960110,Available Capacity,MEDICAL CENTER OF TRINITY WEST PASCO CAMPUS,0.322580645
PASCO,23960110,Total Staffed Bed Capacity,MEDICAL CENTER OF TRINITY WEST PASCO CAMPUS,62
PASCO,23960114,Bed Census,NORTH TAMPA BEHAVIORAL HEALTH,86
PASCO,23960114,Available,NORTH TAMPA BEHAVIORAL HEALTH,40
PASCO,23960114,Available Capacity,NORTH TAMPA BEHAVIORAL HEALTH,0.317460317
PASCO,23960114,Total Staffed Bed Capacity,NORTH TAMPA BEHAVIORAL HEALTH,126
PINELLAS,100015,Bed Census,LARGO MEDICAL CENTER - INDIAN ROCKS,96
PINELLAS,100015,Available,LARGO MEDICAL CENTER - INDIAN ROCKS,11
PINELLAS,100015,Available Capacity,LARGO MEDICAL CENTER - INDIAN ROCKS,0.102803738
PINELLAS,100015,Total Staffed Bed Capacity,LARGO MEDICAL CENTER - INDIAN ROCKS,107
PINELLAS,100032,Bed Census,BAYFRONT HEALTH ST PETERSBURG,188
PINELLAS,100032,Available,BAYFRONT HEALTH ST PETERSBURG,231
PINELLAS,100032,Available Capacity,BAYFRONT HEALTH ST PETERSBURG,0.551312649
PINELLAS,100032,Total Staffed Bed Capacity,BAYFRONT HEALTH ST PETERSBURG,419
PINELLAS,100043,Bed Census,MEASE DUNEDIN HOSPITAL,125
PINELLAS,100043,Available,MEASE DUNEDIN HOSPITAL,35
PINELLAS,100043,Available Capacity,MEASE DUNEDIN HOSPITAL,0.21875
PINELLAS,100043,Total Staffed Bed Capacity,MEASE DUNEDIN HOSPITAL,160
PINELLAS,100055,Bed Census,ADVENTHEALTH NORTH PINELLAS,107
PINELLAS,100055,Available,ADVENTHEALTH NORTH PINELLAS,23
PINELLAS,100055,Available Capacity,ADVENTHEALTH NORTH PINELLAS,0.176923077
PINELLAS,100055,Total Staffed Bed Capacity,ADVENTHEALTH NORTH PINELLAS,130
PINELLAS,100067,Bed Census,ST ANTHONYS HOSPITAL,318
PINELLAS,100067,Available,ST ANTHONYS HOSPITAL,60
PINELLAS,100067,Available Capacity,ST ANTHONYS HOSPITAL,0.158730159
PINELLAS,100067,Total Staffed Bed Capacity,ST ANTHONYS HOSPITAL,378
PINELLAS,100126,Bed Census,PALMS OF PASADENA HOSPITAL,79
PINELLAS,100126,Available,PALMS OF PASADENA HOSPITAL,11
PINELLAS,100126,Available Capacity,PALMS OF PASADENA HOSPITAL,0.122222222
PINELLAS,100126,Total Staffed Bed Capacity,PALMS OF PASADENA HOSPITAL,90
PINELLAS,100127,Bed Census,MORTON PLANT HOSPITAL,400
PINELLAS,100127,Available,MORTON PLANT HOSPITAL,58
PINELLAS,100127,Available Capacity,MORTON PLANT HOSPITAL,0.126637555
PINELLAS,100127,Total Staffed Bed Capacity,MORTON PLANT HOSPITAL,458
PINELLAS,100180,Bed Census,ST PETERSBURG GENERAL HOSPITAL,79
PINELLAS,100180,Available,ST PETERSBURG GENERAL HOSPITAL,41
PINELLAS,100180,Available Capacity,ST PETERSBURG GENERAL HOSPITAL,0.341666667
PINELLAS,100180,Total Staffed Bed Capacity,ST PETERSBURG GENERAL HOSPITAL,120
PINELLAS,100238,Bed Census,NORTHSIDE HOSPITAL,149
PINELLAS,100238,Available,NORTHSIDE HOSPITAL,98
PINELLAS,100238,Available Capacity,NORTHSIDE HOSPITAL,0.396761134
PINELLAS,100238,Total Staffed Bed Capacity,NORTHSIDE HOSPITAL,247
PINELLAS,100248,Bed Census,LARGO MEDICAL CENTER,240
PINELLAS,100248,Available,LARGO MEDICAL CENTER,58
PINELLAS,100248,Available Capacity,LARGO MEDICAL CENTER,0.194630872
PINELLAS,100248,Total Staffed Bed Capacity,LARGO MEDICAL CENTER,298
PINELLAS,100250,Bed Census,JOHNS HOPKINS ALL CHILDREN'S HOSPITAL,178
PINELLAS,100250,Available,JOHNS HOPKINS ALL CHILDREN'S HOSPITAL,19
PINELLAS,100250,Available Capacity,JOHNS HOPKINS ALL CHILDREN'S HOSPITAL,0.096446701
PINELLAS,100250,Total Staffed Bed Capacity,JOHNS HOPKINS ALL CHILDREN'S HOSPITAL,197
PINELLAS,104017,Bed Census,WINDMOOR HEALTHCARE OF CLEARWATER,63
PINELLAS,104017,Available,WINDMOOR HEALTHCARE OF CLEARWATER,43
PINELLAS,104017,Available Capacity,WINDMOOR HEALTHCARE OF CLEARWATER,0.405660377
PINELLAS,104017,Total Staffed Bed Capacity,WINDMOOR HEALTHCARE OF CLEARWATER,106
PINELLAS,110001,Bed Census,MEASE COUNTRYSIDE HOSPITAL,249
PINELLAS,110001,Available,MEASE COUNTRYSIDE HOSPITAL,25
PINELLAS,110001,Available Capacity,MEASE COUNTRYSIDE HOSPITAL,0.091240876
PINELLAS,110001,Total Staffed Bed Capacity,MEASE COUNTRYSIDE HOSPITAL,274
PINELLAS,110045,Bed Census,ENCOMPASS HEALTH REHABILITATION HOSPITAL OF LARGO,68
PINELLAS,110045,Available,ENCOMPASS HEALTH REHABILITATION HOSPITAL OF LARGO,2
PINELLAS,110045,Available Capacity,ENCOMPASS HEALTH REHABILITATION HOSPITAL OF LARGO,0.028571429
PINELLAS,110045,Total Staffed Bed Capacity,ENCOMPASS HEALTH REHABILITATION HOSPITAL OF LARGO,70
PINELLAS,23960011,Bed Census,KINDRED HOSPITAL-BAY AREA-ST PETERSBURG,50
PINELLAS,23960011,Available,KINDRED HOSPITAL-BAY AREA-ST PETERSBURG,29
PINELLAS,23960011,Available Capacity,KINDRED HOSPITAL-BAY AREA-ST PETERSBURG,0.367088608
PINELLAS,23960011,Total Staffed Bed Capacity,KINDRED HOSPITAL-BAY AREA-ST PETERSBURG,79
PINELLAS,23960085,Bed Census,BAYCARE ALLIANT HOSPITAL,48
PINELLAS,23960085,Available,BAYCARE ALLIANT HOSPITAL,0
PINELLAS,23960085,Available Capacity,BAYCARE ALLIANT HOSPITAL,0
PINELLAS,23960085,Total Staffed Bed Capacity,BAYCARE ALLIANT HOSPITAL,48
POLK,100052,Bed Census,WINTER HAVEN HOSPITAL,314
POLK,100052,Available,WINTER HAVEN HOSPITAL,36
POLK,100052,Available Capacity,WINTER HAVEN HOSPITAL,0.102857143
POLK,100052,Total Staffed Bed Capacity,WINTER HAVEN HOSPITAL,350
POLK,100099,Bed Census,ADVENTHEALTH LAKE WALES,74
POLK,100099,Available,ADVENTHEALTH LAKE WALES,86
POLK,100099,Available Capacity,ADVENTHEALTH LAKE WALES,0.5375
POLK,100099,Total Staffed Bed Capacity,ADVENTHEALTH LAKE WALES,160
POLK,100121,Bed Census,BARTOW REGIONAL MEDICAL CENTER,54
POLK,100121,Available,BARTOW REGIONAL MEDICAL CENTER,25
POLK,100121,Available Capacity,BARTOW REGIONAL MEDICAL CENTER,0.316455696
POLK,100121,Total Staffed Bed Capacity,BARTOW REGIONAL MEDICAL CENTER,79
POLK,100137,Bed Census,ADVENTHEALTH HEART OF FLORIDA,128
POLK,100137,Available,ADVENTHEALTH HEART OF FLORIDA,82
POLK,100137,Available Capacity,ADVENTHEALTH HEART OF FLORIDA,0.390476190
POLK,100137,Total Staffed Bed Capacity,ADVENTHEALTH HEART OF FLORIDA,210
POLK,100157,Bed Census,LAKELAND REGIONAL MEDICAL CENTER,822
POLK,100157,Available,LAKELAND REGIONAL MEDICAL CENTER,76
POLK,100157,Available Capacity,LAKELAND REGIONAL MEDICAL CENTER,0.084632517
POLK,100157,Total Staffed Bed Capacity,LAKELAND REGIONAL MEDICAL CENTER,898
POLK,120010,Bed Census,WINTER HAVEN WOMEN'S HOSPITAL,24
POLK,120010,Available,WINTER HAVEN WOMEN'S HOSPITAL,12
POLK,120010,Available Capacity,WINTER HAVEN WOMEN'S HOSPITAL,0.333333333
POLK,120010,Total Staffed Bed Capacity,WINTER HAVEN WOMEN'S HOSPITAL,36
PUTNAM,100232,Bed Census,PUTNAM COMMUNITY MEDICAL CENTER,68
PUTNAM,100232,Available,PUTNAM COMMUNITY MEDICAL CENTER,16
PUTNAM,100232,Available Capacity,PUTNAM COMMUNITY MEDICAL CENTER,0.190476190
PUTNAM,100232,Total Staffed Bed Capacity,PUTNAM COMMUNITY MEDICAL CENTER,84
SANTA ROSA,100048,Bed Census,JAY HOSPITAL,8
SANTA ROSA,100048,Available,JAY HOSPITAL,11
SANTA ROSA,100048,Available Capacity,JAY HOSPITAL,0.578947368
SANTA ROSA,100048,Total Staffed Bed Capacity,JAY HOSPITAL,19
SANTA ROSA,100124,Bed Census,SANTA ROSA MEDICAL CENTER,65
SANTA ROSA,100124,Available,SANTA ROSA MEDICAL CENTER,85
SANTA ROSA,100124,Available Capacity,SANTA ROSA MEDICAL CENTER,0.566666667
SANTA ROSA,100124,Total Staffed Bed Capacity,SANTA ROSA MEDICAL CENTER,150
SANTA ROSA,110003,Bed Census,GULF BREEZE HOSPITAL,59
SANTA ROSA,110003,Available,GULF BREEZE HOSPITAL,36
SANTA ROSA,110003,Available Capacity,GULF BREEZE HOSPITAL,0.378947368
SANTA ROSA,110003,Total Staffed Bed Capacity,GULF BREEZE HOSPITAL,95
SARASOTA,100070,Bed Census,VENICE REGIONAL BAYFRONT HEALTH,116
SARASOTA,100070,Available,VENICE REGIONAL BAYFRONT HEALTH,72
SARASOTA,100070,Available Capacity,VENICE REGIONAL BAYFRONT HEALTH,0.382978723
SARASOTA,100070,Total Staffed Bed Capacity,VENICE REGIONAL BAYFRONT HEALTH,188
SARASOTA,100087,Bed Census,SARASOTA MEMORIAL HOSPITAL,674
SARASOTA,100087,Available,SARASOTA MEMORIAL HOSPITAL,20
SARASOTA,100087,Available Capacity,SARASOTA MEMORIAL HOSPITAL,0.028818444
SARASOTA,100087,Total Staffed Bed Capacity,SARASOTA MEMORIAL HOSPITAL,694
SARASOTA,100166,Bed Census,DOCTORS HOSPITAL OF SARASOTA,96
SARASOTA,100166,Available,DOCTORS HOSPITAL OF SARASOTA,49
SARASOTA,100166,Available Capacity,DOCTORS HOSPITAL OF SARASOTA,0.337931034
SARASOTA,100166,Total Staffed Bed Capacity,DOCTORS HOSPITAL OF SARASOTA,145
SARASOTA,110004,Bed Census,ENGLEWOOD COMMUNITY HOSPITAL,43
SARASOTA,110004,Available,ENGLEWOOD COMMUNITY HOSPITAL,9
SARASOTA,110004,Available Capacity,ENGLEWOOD COMMUNITY HOSPITAL,0.173076923
SARASOTA,110004,Total Staffed Bed Capacity,ENGLEWOOD COMMUNITY HOSPITAL,52
SARASOTA,110013,Bed Census,ENCOMPASS HEALTH REHABILITATION HOSPITAL OF SARASOTA,79
SARASOTA,110013,Available,ENCOMPASS HEALTH REHABILITATION HOSPITAL OF SARASOTA,11
SARASOTA,110013,Available Capacity,ENCOMPASS HEALTH REHABILITATION HOSPITAL OF SARASOTA,0.122222222
SARASOTA,110013,Total Staffed Bed Capacity,ENCOMPASS HEALTH REHABILITATION HOSPITAL OF SARASOTA,90
SARASOTA,23960049,Bed Census,PAM SPECIALTY HOSPITAL OF SARASOTA,37
SARASOTA,23960049,Available,PAM SPECIALTY HOSPITAL OF SARASOTA,3
SARASOTA,23960049,Available Capacity,PAM SPECIALTY HOSPITAL OF SARASOTA,0.075
SARASOTA,23960049,Total Staffed Bed Capacity,PAM SPECIALTY HOSPITAL OF SARASOTA,40
SEMINOLE,100161,Bed Census,CENTRAL FLORIDA REGIONAL HOSPITAL,171
SEMINOLE,100161,Available,CENTRAL FLORIDA REGIONAL HOSPITAL,37
SEMINOLE,100161,Available Capacity,CENTRAL FLORIDA REGIONAL HOSPITAL,0.177884615
SEMINOLE,100161,Total Staffed Bed Capacity,CENTRAL FLORIDA REGIONAL HOSPITAL,208
SEMINOLE,100263,Bed Census,ORLANDO HEALTH SOUTH SEMINOLE HOSPITAL,151
SEMINOLE,100263,Available,ORLANDO HEALTH SOUTH SEMINOLE HOSPITAL,72
SEMINOLE,100263,Available Capacity,ORLANDO HEALTH SOUTH SEMINOLE HOSPITAL,0.322869955
SEMINOLE,100263,Total Staffed Bed Capacity,ORLANDO HEALTH SOUTH SEMINOLE HOSPITAL,223
SEMINOLE,120004,Bed Census,ADVENTHEALTH ALTAMONTE SPRINGS,285
SEMINOLE,120004,Available,ADVENTHEALTH ALTAMONTE SPRINGS,108
SEMINOLE,120004,Available Capacity,ADVENTHEALTH ALTAMONTE SPRINGS,0.274809160
SEMINOLE,120004,Total Staffed Bed Capacity,ADVENTHEALTH ALTAMONTE SPRINGS,393
SEMINOLE,23960115,Bed Census,ENCOMPASS HEALTH REHABILITATION HOSPITAL OF ALTAMONTE SPRINGS,69
SEMINOLE,23960115,Available,ENCOMPASS HEALTH REHABILITATION HOSPITAL OF ALTAMONTE SPRINGS,1
SEMINOLE,23960115,Available Capacity,ENCOMPASS HEALTH REHABILITATION HOSPITAL OF ALTAMONTE SPRINGS,0.014285714
SEMINOLE,23960115,Total Staffed Bed Capacity,ENCOMPASS HEALTH REHABILITATION HOSPITAL OF ALTAMONTE SPRINGS,70
SEMINOLE,23960121,Bed Census,OVIEDO MEDICAL CENTER,49
SEMINOLE,23960121,Available,OVIEDO MEDICAL CENTER,15
SEMINOLE,23960121,Available Capacity,OVIEDO MEDICAL CENTER,0.234375
SEMINOLE,23960121,Total Staffed Bed Capacity,OVIEDO MEDICAL CENTER,64
ST. JOHNS,100219,Bed Census,FLAGLER HOSPITAL,200
ST. JOHNS,100219,Available,FLAGLER HOSPITAL,132
ST. JOHNS,100219,Available Capacity,FLAGLER HOSPITAL,0.397590361
ST. JOHNS,100219,Total Staffed Bed Capacity,FLAGLER HOSPITAL,332
ST. LUCIE,100246,Bed Census,LAWNWOOD REGIONAL MEDICAL CENTER & HEART INSTITUTE,338
ST. LUCIE,100246,Available,LAWNWOOD REGIONAL MEDICAL CENTER & HEART INSTITUTE,54
ST. LUCIE,100246,Available Capacity,LAWNWOOD REGIONAL MEDICAL CENTER & HEART INSTITUTE,0.137755102
ST. LUCIE,100246,Total Staffed Bed Capacity,LAWNWOOD REGIONAL MEDICAL CENTER & HEART INSTITUTE,392
ST. LUCIE,100260,Bed Census,ST LUCIE MEDICAL CENTER,157
ST. LUCIE,100260,Available,ST LUCIE MEDICAL CENTER,50
ST. LUCIE,100260,Available Capacity,ST LUCIE MEDICAL CENTER,0.241545894
ST. LUCIE,100260,Total Staffed Bed Capacity,ST LUCIE MEDICAL CENTER,207
ST. LUCIE,110022,Bed Census,PORT ST LUCIE HOSPITAL,60
ST. LUCIE,110022,Available,PORT ST LUCIE HOSPITAL,15
ST. LUCIE,110022,Available Capacity,PORT ST LUCIE HOSPITAL,0.2
ST. LUCIE,110022,Total Staffed Bed Capacity,PORT ST LUCIE HOSPITAL,75
ST. LUCIE,23960108,Bed Census,CLEVELAND CLINIC TRADITION HOSPITAL,164
ST. LUCIE,23960108,Available,CLEVELAND CLINIC TRADITION HOSPITAL,19
ST. LUCIE,23960108,Available Capacity,CLEVELAND CLINIC TRADITION HOSPITAL,0.103825137
ST. LUCIE,23960108,Total Staffed Bed Capacity,CLEVELAND CLINIC TRADITION HOSPITAL,183
SUMTER,23960032,Bed Census,UF HEALTH THE VILLAGES HOSPITAL,226
SUMTER,23960032,Available,UF HEALTH THE VILLAGES HOSPITAL,81
SUMTER,23960032,Available Capacity,UF HEALTH THE VILLAGES HOSPITAL,0.263843648
SUMTER,23960032,Total Staffed Bed Capacity,UF HEALTH THE VILLAGES HOSPITAL,307
SUMTER,23960086,Bed Census,SELECT SPECIALTY HOSPITAL-THE VILLAGES INC,39
SUMTER,23960086,Available,SELECT SPECIALTY HOSPITAL-THE VILLAGES INC,1
SUMTER,23960086,Available Capacity,SELECT SPECIALTY HOSPITAL-THE VILLAGES INC,0.025
SUMTER,23960086,Total Staffed Bed Capacity,SELECT SPECIALTY HOSPITAL-THE VILLAGES INC,40
SUWANNEE,100146,Bed Census,LAKE CITY MEDICAL CENTER SUWANNEE CAMPUS,0
SUWANNEE,100146,Available,LAKE CITY MEDICAL CENTER SUWANNEE CAMPUS,0
SUWANNEE,100146,Available Capacity,LAKE CITY MEDICAL CENTER SUWANNEE CAMPUS,
SUWANNEE,100146,Total Staffed Bed Capacity,LAKE CITY MEDICAL CENTER SUWANNEE CAMPUS,0
TAYLOR,100106,Bed Census,DOCTORS' MEMORIAL HOSPITAL,6
TAYLOR,100106,Available,DOCTORS' MEMORIAL HOSPITAL,6
TAYLOR,100106,Available Capacity,DOCTORS' MEMORIAL HOSPITAL,0.5
TAYLOR,100106,Total Staffed Bed Capacity,DOCTORS' MEMORIAL HOSPITAL,12
UNION,100241,Bed Census,LAKE BUTLER HOSPITAL,6
UNION,100241,Available,LAKE BUTLER HOSPITAL,19
UNION,100241,Available Capacity,LAKE BUTLER HOSPITAL,0.76
UNION,100241,Total Staffed Bed Capacity,LAKE BUTLER HOSPITAL,25
UNION,110183,Bed Census,RECEPTION AND MEDICAL CENTER HOSPITAL,40
UNION,110183,Available,RECEPTION AND MEDICAL CENTER HOSPITAL,10
UNION,110183,Available Capacity,RECEPTION AND MEDICAL CENTER HOSPITAL,0.2
UNION,110183,Total Staffed Bed Capacity,RECEPTION AND MEDICAL CENTER HOSPITAL,50
VOLUSIA,100014,Bed Census,ADVENTHEALTH NEW SMYRNA BEACH,91
VOLUSIA,100014,Available,ADVENTHEALTH NEW SMYRNA BEACH,18
VOLUSIA,100014,Available Capacity,ADVENTHEALTH NEW SMYRNA BEACH,0.165137615
VOLUSIA,100014,Total Staffed Bed Capacity,ADVENTHEALTH NEW SMYRNA BEACH,109
VOLUSIA,100017,Bed Census,HALIFAX HEALTH MEDICAL CENTER,411
VOLUSIA,100017,Available,HALIFAX HEALTH MEDICAL CENTER,115
VOLUSIA,100017,Available Capacity,HALIFAX HEALTH MEDICAL CENTER,0.218631179
VOLUSIA,100017,Total Staffed Bed Capacity,HALIFAX HEALTH MEDICAL CENTER,526
VOLUSIA,100045,Bed Census,ADVENTHEALTH DELAND,118
VOLUSIA,100045,Available,ADVENTHEALTH DELAND,32
VOLUSIA,100045,Available Capacity,ADVENTHEALTH DELAND,0.213333333
VOLUSIA,100045,Total Staffed Bed Capacity,ADVENTHEALTH DELAND,150
VOLUSIA,100072,Bed Census,ADVENTHEALTH FISH MEMORIAL,126
VOLUSIA,100072,Available,ADVENTHEALTH FISH MEMORIAL,53
VOLUSIA,100072,Available Capacity,ADVENTHEALTH FISH MEMORIAL,0.296089385
VOLUSIA,100072,Total Staffed Bed Capacity,ADVENTHEALTH FISH MEMORIAL,179
VOLUSIA,100169,Bed Census,ADVENTHEALTH DAYTONA BEACH,297
VOLUSIA,100169,Available,ADVENTHEALTH DAYTONA BEACH,105
VOLUSIA,100169,Available Capacity,ADVENTHEALTH DAYTONA BEACH,0.261194030
VOLUSIA,100169,Total Staffed Bed Capacity,ADVENTHEALTH DAYTONA BEACH,402
VOLUSIA,110016,Bed Census,HALIFAX PSYCHIATRIC CENTER-NORTH,9
VOLUSIA,110016,Available,HALIFAX PSYCHIATRIC CENTER-NORTH,23
VOLUSIA,110016,Available Capacity,HALIFAX PSYCHIATRIC CENTER-NORTH,0.71875
VOLUSIA,110016,Total Staffed Bed Capacity,HALIFAX PSYCHIATRIC CENTER-NORTH,32
VOLUSIA,23960051,Bed Census,HALIFAX HEALTH MEDICAL CENTER- PORT ORANGE,53
VOLUSIA,23960051,Available,HALIFAX HEALTH MEDICAL CENTER- PORT ORANGE,27
VOLUSIA,23960051,Available Capacity,HALIFAX HEALTH MEDICAL CENTER- PORT ORANGE,0.3375
VOLUSIA,23960051,Total Staffed Bed Capacity,HALIFAX HEALTH MEDICAL CENTER- PORT ORANGE,80
VOLUSIA,23960152,Bed Census,HALIFAX HEALTH UF HEALTH MEDICAL CENTER OF DELTONA,16
VOLUSIA,23960152,Available,HALIFAX HEALTH UF HEALTH MEDICAL CENTER OF DELTONA,27
VOLUSIA,23960152,Available Capacity,HALIFAX HEALTH UF HEALTH MEDICAL CENTER OF DELTONA,0.627906977
VOLUSIA,23960152,Total Staffed Bed Capacity,HALIFAX HEALTH UF HEALTH MEDICAL CENTER OF DELTONA,43
WALTON,100081,Bed Census,HEALTHMARK REGIONAL MEDICAL CENTER,3
WALTON,100081,Available,HEALTHMARK REGIONAL MEDICAL CENTER,7
WALTON,100081,Available Capacity,HEALTHMARK REGIONAL MEDICAL CENTER,0.7
WALTON,100081,Total Staffed Bed Capacity,HEALTHMARK REGIONAL MEDICAL CENTER,10
WALTON,23960041,Bed Census,ASCENSION SACRED HEART EMERALD COAST,67
WALTON,23960041,Available,ASCENSION SACRED HEART EMERALD COAST,37
WALTON,23960041,Available Capacity,ASCENSION SACRED HEART EMERALD COAST,0.355769231
WALTON,23960041,Total Staffed Bed Capacity,ASCENSION SACRED HEART EMERALD COAST,104
WASHINGTON,100147,Bed Census,NORTHWEST FLORIDA COMMUNITY HOSPITAL,44
WASHINGTON,100147,Available,NORTHWEST FLORIDA COMMUNITY HOSPITAL,15
WASHINGTON,100147,Available Capacity,NORTHWEST FLORIDA COMMUNITY HOSPITAL,0.254237288
WASHINGTON,100147,Total Staffed Bed Capacity,NORTHWEST FLORIDA COMMUNITY HOSPITAL,59
All,All,Bed Census,All,"47,622"
All,All,Available,All,"14,123"
All,All,Available Capacity,All,0.228731071
All,All,Total Staffed Bed Capacity,All,"61,745"
